SampleID,1241d5274db9477135b9afa8b8cf815c,26f9ec4e9398e336ab37939fdf5273a5,db796403d631da5d31f7b4b286da9e3b,e439a48368b47f2f989e45370c9271a8,66ac99fda0376949f46c82e028ac8051,3a25b92f627933c1a47d491a5861536e,c723402f109bfd1020fb0591e409b342,d66f90c987bd00790e6e13dc0c2799ca,10e52e4d74e5ed7352856ebec4f12069,a8b0a07a34bfe605f1c920f689879723,ee817113f6526e8e267666b87018386e,c8ffbac1fa12d0cd7cecac36a998d205,5ce0e998d12e8ac6040dcf199cf0a562,bd486270fbfe3e7b4c41320e403dd8b6,cb61f2bcde985579264e6fd5d8e090e1,18505ed54861b30d87c1631ef79e915c,005efd33cb4e1fb1894535ccc81b834d,1d914e4408485626c5a66f1889db02fc,fd9527be7663d895f81f84f77f2a3774,25b864fc25dff337edcfbb98582d9aa1,8dd0d88c107fd723fe38a9d5f44c03a0,63632624d98a1ce91ff2ec0367e71f1d,b4fac27b1d9dada2be952f133829afd0,ac8d20acd423545c821314e6d55d3500,2697cfe5ada4a7de083cda1f096f05b9,57ba7eeb58005ed65ff4d896c9f7d2cb,f279645dc6c943e9e4ed226f216b714a,de6cff5fe2474e888b4fc889399da1d0,f4431d4843fc965a69d10c89001f2d8d,d298faa73c63424ad336d8ddb908e477,8d9071829ec187f1c6fb709df72b7a7a,ffe6cc828c38abf56461aed3e60b1cee,d09e1da03f5de31a444728c8e2fcb157,55e1cae8e96f36edd9202268f0f6f7ae,e5e8e386158adc0a25564d2a51eb7680,0a5062be882ceda47439aa22501d9408,7aa1f2d5dfef595d59eb800e20f2a1ac,f1b0512ce7875a11093052329e07c22a,7aa78f5d2059b673d14298e5ab89d969,8feaea96d9d8d8c7dc81779ca75700dc,bdfe145e44512c2c06eb5a2351d63389,d3a9929b7f662c543c842fe1d62d4144,dedd05694cc99a5fd48b5f61c10f7b50,e0251a96bd8d8262db6bb36f83874950,0b5bf72f3c5dac8a6da984bcf4a8383a,12535130898e979f5315906462a50d4a,731ed7e177bb3dc83436d78e83eaf0c9,efb1ca5fce5e1f1032c2cd96fe6dc238,95f348d6d1be674bd18a91617ace41a1,cbf1d63160e42d5426533fd7933b2abb,260527e8552acc438f4c7d7376787be2,972d704e8759839c972015e7da25a126,b37c34026acf64758479c816d82dc1ec,bb67f0ff723dfa30fbcb7172b5a9402a,9e56d4ca13b8a5e21b4e77b6c8a68bef,d4bee3e61670d4c84a2dd34b736333c6,2ff9dc3d2f92754ce131e00f84ce0322,dc775dc3f6d8ae6876a916e222f8e4a7,31b0adace82793ba9835f36191681d39,4024795db9f06ec4e86eb4eb63858bd3,2407a2df7bca57fc29b1efb60df33ed5,2a5f126e64d85c80a26681c913cdcc14,5c09c8dbfe7bb5a05d76394ad6a7f2b8,c43865450fb33105291dd33c39621029,5b9180d4a0e1885cde64cbcfe016d26f,06f8fb0ffbd9ff805b80372fb3e7eea6,071fd6b9abc5e77e5c3f1bb207a75f43,31d93e21753feb0447bbbcc2b2273e1b,ac9ca9b19bb25d67573df2ce2837d042,5fa2e086e98ff894c56bbb6655b50996,d00d7baa3150a344e3395560a1c3fd86,db5b3d161fe270460cd98a13f666380d,838bf985ce91ea23e0091dadf545c7a9,7a12b2835f5b8b8c1434ab47dad26a5d,9413f44f45c4ef624f8d6afa4a4328d4,8155bbee45e42a0895c28b6afa5d01e9,228967ad308d08bfff8525493c659989,2188e88c689f04f7e46f2c1e6999a959,b3b750511bf1d012352576638fba0229,7046cc7bf887a5ba1ed6cbd156c74298,a7d59b5625f2e5dce76102fdf0b708ad,56c917c14d922d9cc9ba4c7ab529d5b9,9342a18308370c432ce94ee42450fc36,2d4efb5a719fa1b4e1ebae6d34f7f7c5,7748954ec28b52e8d51cd8c51bbb4b7e,bfb46ce50c0b8b9fbbbf0a4c90d5e921,5d5cd5cd387d26e1a8feda9fd0b8062c,db546c8c7daab0e74a34f61727ede80f,a833b4ec7c8ec6b721b202bfdd9f5781,f7fd2983a336758f5f8372ed9c451dbc,3dc21d4c358e7d2715c0af78059584f2,10b7a9e61d35e8e20f3201a4edf307c9,925ba5743036651cc77b56a9b6a3c638,e20121f49dfbf58d80e3e09bf970d932,543b833aaa09b3601f28df12a82983f2,83c94f7a380d7a207168276c747c1d0a,594ca6826e3aa649c8e500a83083d0cc,5f95e3560d659c3d5520db131016cb1b,923abfd2bae6e3c271e7d2310b504424,9d095604bb4ebbe9976e439b831be4d4,1ad9b5e61a49aca62b3cee5a8da2c0fe,25ecd379a66e8e90ae802bb22a7197c9,098dba33e0f839854989f330fcff28fa,aaeba67407638cbf47fd80c66b5bcdac,aeee1ab1d805ef1d6758465b1012e649,b90990c6928d727cb5188826f8efa4bb,c58d217bf6e1d467ffaab8693bfb7e23,a1f48f6e0782be413691dd1cb8484af0,d0ab143dbe0b6cabe72b0c2646340c23,0961cf8f1b5074801797358681641f3c,354cb8f28f3f011d318d967f88044bf0,c482f9db2e5507e2781146008a92e00f,dffa3aa867273816713072bf41a4d99e,33c5a7be0e4bb143023e1bc93f4ddcb4,9d367805961138573fdeb54991339832,c0eeb9ce9bd9cd0726f85428cbe20479,8a2c398df64579afcbd41ab900f5b3cf,fbdde77c532ffe1db92f47ca332d5868,d46c3357c23c664e078757650c86a655,f662e396607aff4078219f0b2aed771b,f8be5c38f206acaba0380e8c1cbdf8e5,602092bcb856fd2daba77582fbdebff8,8cec954990771bad9adb8aa57d3d37c8,7c73962302c13d6041e0ce71626aad89,264bc6597085f07bc49de496fe593504,1f633ab8ad65aa145a46e2883c0008d9,2188e74884fe77f730a28f4ce4e0a302,67b4d7c5f75e7830e94e78f91ebb413e,06e64d32b1c7c6eaf87116322d37f812,632b17638c428500406780fd95014137,e78de4012f3d6477d33b267b2cdff1b4,ea83c8f509bb9b9f5e7519ef12d07ada,8bff10f9f0e22540c74e89ee02c87ade,36f2d425153c065d26c7fdee73f30a76,f7a972e47254457fe17a3b12de34a63a,9391177cb1c73eeccf54c49a95707fca,5c34a573559283ed4cf6eddfaae0c415,738f655382251f0be6e71ab926226025,dc7bb69251060ebefe423a3e78a5a743,390956f15f2e2ab1a8fd229c7d98029f,d3b7e2be927517ccb4cd6ce388c75907,ea366d3b435bae81cf46599f58e5301b,eab8e313debbf02e5de5ac7a52e9b86a,4a583adb7f73aee01cef4bf8cb6f153b,9ef0d29c1af2797f030194d888b8ed62,9f9ddf4229feac017c916943349d91f3,dfeb2f2010ebb00f5909e8adac2a4a44,883303246001af6a4d701ba1c7b4abf3,8ef0cd825a975c18fc28c46760c21826,7e21fcaecce83de631c8f392923fe631,6f0a77849ebd7b7bd6449a1767ff08f9,a79a8f3da1bc236ba96ccc9c885d92ab,a2cf9d28b18aa6955381524a2294b5fe,d73e61c2dabcb3f006193f178eb4b618,14428b2e9233273d2e67b11b2ec04efb,134419c8392f486ed252b8e8e9671898,85d16c2f26c25890865ee442b7e5189d,b7cb1653c8605bfe4abdc522120fb16d,bc211ea2e5e794c57142374f72dc9530,d409b884974308d3223f145f7b79195d,dccbebde56b8a52cdb6fe8d6817fd451,9ef0a99e85ab69d3c64704bae4f66cf6,0194955c759c260d3b1e31186534e504,c75f456e1f6842ff2dc180942b1f4386,4ea7a6d268c4e27af1de1a8afa0df4f5,b24ff17d17531d32b9c95851ffe85028,f2e730f0c095b69e468c0c943da93aa1,63ad70ed6fb7b305d55e9a2df0ce9faa,0c9e5da9ceb207b3591d850c77ec895d,c9134033543bea84e32c8c2785bcbb62,6f56296d183bb0220453cfc081f29cd0,2a4fdbf17a475f1139ec2b9bbd822025,7326f5f7404f2f254b0cd85ae060dd80,c9a5c963dd31dd0352fd61fee283f2bd,fc5f0d33f5d16dada8945615c54220b9,9708cdec726298c7e7145d44fa3aa57d,8ee56c2b64b4ed8fef5bea9092b14265,599ee4b6d9ac65adaae368af0f3a122f,87974a6bec9fe32f7e3300f50d352f8c,9abe67b5d73e8b051aa95c9157f401eb,e752b8f58278dae33fad679f0ce6e6a4,6cd301d0f70b9bc2abb7a080ccc374fa,ef18e1cc722e195c6713d8a4bc13a163,4316ead6385d049db464023053e6c2ad,186c723bcf2eecb070af24bec149b530,556743e04e058116cbecdbaa8b716736,5c89f609e10cdfc12d9b507bccac07b1,a6e904fe02474ba0f6236c98dede39f9,51d86b775aeca81e9e0b23f21126b35a,c010f14575557eccae32440c69b38b53,6c3258c33ed93e1f51570f7ebe83c30d,5c55fa1d8534bdae2bc6617c8f5b9d9a,fa22634d68373fda5816937ff7c468c2,03df241302057e68dcd910cb81901596,562957721c3e11beef43a792234cd5e5,64320ade49ff5473a4fda8bd03b5ebda,115abac5b5dc3d482acb8cc40d7b922b,92d767af6c3ac54930f3377664f41dd8,d5e59e73c8b4783b0ecb93152720b5fd,42e622ba8c2593fc4449040c9a42cc07,d66495ccead4f554eaa9a4dd28f34e85,02d899c567215abc5297c15b854c09a0,c9f8df736556ad3700b30ad3ff946d9f,13aaaf712dc4553c40d7e187d66295ca,1de7207ccb75656f77557543ddb6650a,063c7acf55c5135ab977e09f8624e02e,3bd295575ad733a8534d14b961ed0899,8b5e02e9cfe8c8adc32806a4fba2125b,b2acd115fd3164be5b12ad40bac0ab47,f990870b864b27cf6cec54d6aa827d28,12a381fe765b7cd6fe96935d62344de0,ea3a88b1ad879e8cf640539ac5af207b,768e4e37330322a0b05fb05d825555eb,07e078860651dfd49236b055f2d0adfc,fa4eb8499dc3e4d557216d33c7023a2e,273d5280fd16f2a7e3596e6203983056,433cb6c360bb91685919d4ff640322cd,616d7d6c2da53b29373c6d27faf78476,0cd9f663003636c54cdaf65608bbbf3e,04080745ed9c5ae6a165f79ae03c6b81,8d7905c6b16a8d64e4b04aa8c3eb7699,68a6a7a8c6cd824885fd8d8090ab3bf7,54c50710e68eec4eae3294041af8955f,5b1f25135226110a726c77935980b9ee,ad7a85ae8213eb71434a0648567a8e25,378b7df604d470bcb01e45f62ca645b5,28ca5c72922e01c4e44ae98d20cbe1af,86b7d67b80ba72b4e334be883c66a691,a8c912a30d9a8ac887142ca697f86259,257017ae5c0a050942341c93b36a1038,33bb6f1cb7458344f3ebac74059d4ab6,5f0e5782ce22270f3bc1c41b684781e9,4c2bc73f4424389cfb81fad6ec8576d6,da522e78e34cdc5c4858e724911b8640,860d0587c60d228cbc8e8ee6a7bca21b,eaea40b6b624709a577f1ce7e430aba1,ddfcc0343a599ba50f09a2900e177483,9ceadad06d75e147e2d53f0c8db638de,40f11d332c1a271e2218fee0e9ac8062,28c2642a77371d685e4b89082a754514,d51bab036262f50c1da151ddf6826cd0,98e80d702b7e011d5b007706f5156d5d,318f5f8dfcbdb1ce426b5289653bbafc,0002171bbef0506b699cbf35e3a408db,6ff0eb6e718a91ebbe3e3ece1bfd6443,36a8b427cd02caef9f478678eb969b63,abe04cf2ada93c436aadc2621ac36cf0,c26e1252418710f3c3c99788330f943e,f833cdb5e9926fe7f44253d9d492a548,f863fd8da10d4fd8ff04bb794a7b399c,69a1d59aae9a75771f5bdd8faf6fd899,8fd8989c434ee18d859eaa7543d8a3f0,68bc7c4d920f78a2b0efbfc796239d89,ea1fdba2b396b648eba6d54c0131d42f,77fc43bee68f819999268ea7c2a0f0c6,b3fc32974897384694a61ca033f6e4bf,060f21fbf025dc90fa3287c7ddd7b721,6c0ed25a566c45f037b57aa70689c92c,ab96ed0610b375f66b71725aec32f255,0f64893db234a2e10890e01aebda6462,802bcdef9e153c70f984929f88ae9848,4e3578d2f1b08d357c4061484679fb52,9c92d568cbd3bc1350ac6a0e10df08a9,a0f06872b3f965e6eccc833a52e4a68b,26827a6df0c2cddd5a6989c708b7a305,bf40814d4d39b92eced00880b4fe41c7,cbc4505064e5b4295e1fd5b82386a6a5,91cc5550b6fd0aa030dfae37bdc16329,a562437838a1a6a16a0df04976aeff48,0e27efbdbe7a21876c19c514d489569a,4463b40fa1b8145819e9115dc9523288,fcd85eff64c1c9dff1cd436bf6eeef9c,f6fcef271100d6ca87285ca9cc874c3a,10dca2e375587141baed0ad457352caa,77bd8c094876730ae35d3c595573d454,922809899e688364a9771bb4b8d60e12,cf4473503ee9cb8a413b77a7754bf216,e960c89708c58a22df3d5ffd684925ee,f14efe72c3f7d991cd2a17ec1f02f6b9,57ecf34b397f9b3f5c881067c7eaf12a,12cf3714a44bade0f3bc4db0e3805e5c,4c56be587f72ae6bfec4a1a774190eff,aab1785c4a4efe86964678ad5de91f1b,f76ea2953f79b555bfab22f16f1f9b10,0c9e3f8ceeefc6544ec31b272884e345,53f5541e04cec0ea2de4f81873646efb,bab0768d547c1de6ff5874308e381980,64b5262c3ebf928ee9c73ecc0ef4aca0,1b51f17c24bef0d4aafa76caa4eff1e3,70bf016dd0391ef79d2fccef2bd82bf7,fbe1062174734872eb36c57342843a10,315c13600538d5307738292743138faa,11d9b64d56029ee6ce73b91f9d756e2f,252e956262c25d0d8737d63a1eae4552,626356072423b7e7896db21d84980452,c112666822ce0744eb06002a543d9794,12e9f485574082750bb152bd0599f4d2,ad7614d9129a243589e816d61350db48,867958af74e1b97140239db253933082,19f863bcbaa9b9f19fa85d24c86a98d8,98bcba0ab70b09bce8d8339e444cb802,322ed697532d530783a0b9c73c0d4a55,2e70c595db8075f24ce18caaa888ec55,67f7e252afa22fdc65e9380ea993b2f0,a92981b5437335dc67bda0b0e129baea,694d77951afa805db2dc4f6b82cbbd88,38af414ea9838fd1c443723d9084a075,65c36ed2a989f5aa2824843b5d2a7dc3,ed5811c7c77164a16814d82eb34a933d,af4fcd3883764851bb8d96bd9228e059,94ebc02c87270509569d665317bf2436,30473b4d19d266ce033a14943ca1d21a,08a5bf9ecc4ef3c36f3676ad8d579535,901cc845a2652d9cf573f56a6409ab39,3f0c013b376b840db8c69b890c493946,9dc6e7070e5caa7a7d79d378c0f4cc22,2640e514f77c3db581807b758a9a18a8,dfecdd795b0c34bc903ec40ef2c257e2,bb0f1fba98f154ec9208c03e4a871ab1,20c373316c350ee490772184f77f1ca5,edd108b84c599660a043112e2a22977e,3eee6637d4acabf85e6044c8145e28fb,c5e1e141a4993302b630a249b691a91f,9d128151fdbade90ff0bc8445872e31e,c31d25d95476a8e1d7f68b8a7c90ae22,86415f2c33fa043825bcbe80b44e7a7e,41d7a1cae194ac3a29de2dcd7ff44c81,4d4996ed49b704d6938b32237848a84b,46cead2691115a48947e1ba4bae4e1ac,25a45d5e43807bf3c4f9c31a0eec89d0,822a3f4e17909f95d6e97f2dbe95e080,adb17e4bd852de695f45055ee00ac3a3,53c6db7a2b8718fec6812718a41b246e,cd3e67500430248787019e22cf15c5dd,9e13bd4fb5b7de9b4b237924a5b33336,d1d017787bec14594dfad51ff70f9ba5,d8b8dfcfae0929654673f0411ede5206,070d7ae569ca76eddd85fb00e9422801,3a44d22f3e164b4152549f56c8f6e1d9,0f2bd35d66106e73971c97979adbd23b,5f5413e51fcf0cc2f5c7daa241d41ee5,488987bc5af48d9cc40b5da69f3108a8,ee2d153ebdbc6a5629c707abf1fe6f2e,5a0f4d83e551cb55462f1cc714591d23,f9e8bcd95c00e5e74cedd7b37bc85dee,ef4dc0d152dae6e4e4f192521acc229a,2f3e2514ad50e8781582721b6ec94e17,66b18a6fa9ddbc2b03d896d9f5db211d,bb01d42065abd587515b0162708bf98a,10ea3fc3aaa4578740fdc8e783e464d6,335ddfa66accd6ad164285e1c015322b,8551245d2693b71d5761889d404ecb3e,b2588a4fcff5424f7b26e3f480b7d9da,4a2586b1bbce11976d222106649fe46e,6cfed8d54139dd5175d44292d88884ef,49e4fcce85a8ca559a09f5a38f8927a9,fad0a3f511f5a71e86eb0991e9fe5ea5,cd15750404a05516128f7b2be49e7399,d71d604bffdf1a8e01171eed3dc9609c,a1d953e7747358e1abd152cc576a2c55,0a1df284e78d25f491f89cb7e666a16c,7b6d1a271746762021ff647722e97dde,a62b92d1dfe16ca24f445958cee29edc,6426a59cbb9fd9712bd95593f6353115,89ddc0481de5567da7f97f5ca481961c,b283243e9444774c5c61addae114453e,b4a3a693750d6b38d9269b5e6931bf38,ea6b3bccf9706a83012b9fc444dd72ee,ee52a3ec61918aa3948a05d5828912e3,13008b191663e9f938eee0e91a03e35a,6f5e312ca9d748d2391544ac84ed1ac3,d4edaf9517eb012b640f49ec07bfbba9,544e82aa719b5b40eaae0d98b596b9bf,6cb902b65f703e654038721713e96803,1abd88f273e2de338fbc3f0121eefd01,0b23b33ac073cf2237272341539e0154,dd0a048cbc247b58cb9b3c30953b0754,8bd22749523911445069bd35916bd772,db40a34455f0b6020f7d4cdc4e3ef807,6f4b15c095d3f9d4f28c0f6d0aaf2bc4,bc7ca6a5de5693470b48d94f8e3bf842,65c3bc89d41fd1abbcc8dc6aed618273,7b1ba1b84635017ba7455d99e9e8c10b,06462aa0f977d91ad2fc0c1a3a8823ab,e66d9af368c1dd754ae859ffe72062ad,1a491be0ce405766c6e502edf1c326ad,528349b64c3e51689feeadd0bd173366,8c0bf754194a40ff0cfdbe5fa5ab7c34,24b72be78a8aab32507d7dd3ac5e9fda,f72437737806095510f6579a9915ff5a,a7fbd36292d72b16cccc72beb82559b3,9930a35e05dfe614b4a61bed672e4316,d6e13f133c891a0eb9a3bdac1aa6f991,708923260e1b906f0b544bdb3243ff17,71ed0414674e2fa76bfb4252eec038d1,8d571d47a349f3101f1ca596b385b11a,c90597f18f53e3424c094b958a877c41,9df827ff22960d15962c9fb00ab25e9e,6b80fcbeaf831f4c6373183a04015c1c,0ca6447b7494fa136ed98c7d52fc62cd,3cffffb2e06b9ae551672b5cd8338cca,7188cf69984bf74df5c8fa9e4587d591,f2be05cdc0df2aeeced8cbdcf5b1fc97,17aaf7a0f3abda4bd57df50f752c36d6,60a279993ab63cb05cbc5c4db106d25b,3b2b5968a9e7ce155a52afe3597872b3,333d793da35915e3206e9628c9c42d39,50c22722df6a6c20e86d18aa34d84b1d,db6aee4b36483b160142ec74960d8097,a99786708adf037adfb592605ebb762c,1755e07ff96f692396c9b8194d33b119,5ee1a6337f7f7ac736bcf0e044e74897,186391188f35794b9b8d207752a3b80c,be090d0affdb948e0ecc9b365ff2c00c,b627af776924c9220eb525e5053ee701,7492f4622c0b10a042ee74dfafb8425b,f6813087105a774ec5455315816ef0ec,332d103c26d109486e482f30d53b6d08,13d5c1f833ec5f183cda105d3e7bcfed,8b1e0129814f1fe449180e62245168c5,c1d131e7b01e0827b199f53d7bd7af6a,7f89100f9452b0e3f27d42f0347151a9,2acb9118c3553d02cabebedecdab277e,45e66d85861358e2a7e297f3e7d67045,502f8b35208344178df2f1cf4ad04630,a0beceb084ffb413e3953fa417ac4ba2,120667bf7287627a0bd7304501b17170,a49f42d6c990fc07273712598c0b817d,5d607f6ee5a100a4dce75cb3b4d21404,fd4b6e2e7c1a0969b206d5e2cc50f098,089b74db83ceb0b03b89020b3997e1dc,2a3c30645555faae23cc86e0ec21234a,658304b717d86ed253bef550b5c039ce,999fd72403c99e1a45e89ae9f56d8f4f,e79bfeb3f64720ec2aa7ea33ab4d2346,13d03add1980e56e6d1fee3fd78135d7,702208e8705cc895db13623a372f517b,c2836f18a8ca90a40c6aee92500c3c82,4d1314ad15bb881fad6f9eef96ab283b,a4fe571da60570178460e59d09c9d374,4fd551ef2f16bee7a1a027e1dd60be29,5143a16f7304a67659163b53236ae755,895d8421dcd2a2c71885700399c83bb7,91124e6615e9b87a7037fb1d59e6108a,b81b334bbc64d31f9d796d80b69168be,b3fcdb7ff915951bbf668032835816c8,97b8bc67bc52825f9325731218bd6a32,89710c88c9052eabddfeb8b1b031d0d4,3dd58508f4f64ceb1a11d9b1204fd134,bee5ebfa7ee31b894b57de34033d43e8,efcc2a694cff6f07add59c1830429893,b0346fa7946f7f68dba57754d0969df6,4b6db4c3436d1192da572af0bb532007,d1c34d8c843b4eca0f22fc428092be8f,d41aa0b06a7d61cf4fba84bcb2fbfef1,cb4b4ad4052167daf707faaf34419727,2b474c4730aa7f65f673ffd6a53befb5,b52ff68b683e5cd9bd03c848103536e4,b63baaae465014f62beff1fd66fafc54,69183806b6ec1bd8d555767d62399356,d6c8ea5a46ff5362144f67f8388fb4c3,14cf672990b4b678a96ca6ae336f375b,6c668ea5704fcc44824a3563c71aac6e,d1aa729dd3aadf5373a9a76a3c73ca3a,ccaea9e5088d9ac1c2d8cbf0632a007f,205aef5633294c5dad7fdfc3c051943b,7b84e1b75822bd22286ec058d7e75064,70a73c7c25ec580f1bf10f28c9e83915,754cbbd230c5b10124f04b68f37c1dfe,eb4465a09cb01ea51037ee079359671f,3ee4c94dca2e32a3ae43fb9d796c4ffe,ee6f230a3d1bbe27aa605dafd6a8d24b,1ad1550b61408676010532e6a3b9ce77,1a1022753bb90f36cc6053d4bb6c3cc4,53dd28d72e40dd4905d3c48cfe160692,3d6a30c92e73229eb22a3a5514194119,08a9cd7e06831c70ebf076db9f2ed7d8,683341dc9b0a9d850c2c027e1fd74164,e5b6b48a11afb23db6e8ecd2d641b0d6,5df3e03951967a635190ed783be5eaa4,ee10287adb9fb6101af13cb4ca0f0992,29b28ecd2251eac4fddd488133099fe7,8f213b9d4bc200486c619fe3c2b34afc,11b9c0bc54d4ac455b04b7c3fa8c3ce4,b98b1b2c24ef969b2497ee9fef3834ca,2af646e2c07fb99e3df29b2ee63a0e0c,f71a5e89c2b07abd20f2ea0c3bee0067,635eb7ebee6fdb697f0055397e92fbaf,b6e15bd8e913a36e92da9db7929c9592,047326b9b6f649cf8de1e26ebfaf7ca0,78e2104e5e4df1db42d9689fa686aad9,6e7af753460cf1b5ee9b51c8dfee4738,d06fcca0810a1107bcb467a9e075433c,61e06cc7a07cf526b274d4003f959c09,3cd0d1fb306dd214268136b3f51b3c26,276692fe4a32e08b2e2c6749ce6e0e42,5f16fb9508b52c558e5cfaff2e31d69d,bb7a8a7696f3c811c10e4a9171abea87,8dd2adae0fc3dc413fad6cd86d4f1026,5411f3d06409f8d15976559a835c866f,7b3c81d80fd2ba70d52184d98c0110c5,acae52816ae2cfeed5ddcf3894253ea4,515053301b088574a335601a7a340ec9,2d831a9f04cbac6b2e5617deddcffc5d,0a0009906f171f98604eb85dafe21334,599b1ccf13fd9db5e88205f3d9db49e9,9d5c29a599ddef7634be944432f17fbf,c2e2e08252a963f861b7dc5298ba88cc,47f5450c3c6b41b163a5424d8aa8df33,ad713386905d474dcebed77aebba7c1c,79ed131aab2a354220033bae81b1c796,31eb85b940346960b0df64b77cea4098,1f280b6e5e6ffd60b35b829f6077aae1,063b2cb645a86bc94b965989ead54497,9f7237fc0eeb56cca09ad12e4b42bed5,de1f489658025eb39261dd661872a23c,94ecfc0c70266942b3208dba5f052982,7a14b342b04014f717381d89f75913d0,c2a64bc741f28dfa56d039275a597b87,ae3d567e8f9052c8b9443953b4e8508e,c41d7840c504271676a42f895bacb8fa,dd53586548c8a01f5333a89771d85550,39656eaeadde0b885cc8bb478ac4e52f,10df9dba5fc8848097df447864503890,c9b71c69bfa737955b36928afbd772dd,fdebb0102fd035d99d0d564236878f6a,d269f9f2ee03444998e1220a3579bf0b,fe592317af32fda6acb71b5ee504db91,536f4cbf272b0d1ec86362f2e846821c,377a07baf235c4d349c31a52580c685b,56cf4a7671653a298e62dccdd4e84a96,f945ef0515ca3fef69000246a7e148c3,b32a9e443481ffc6c6ab4bafff39812a,16d03441aa2463760be0a7d58d8e24dd,dd6f79b174c34505514c2093a602ea59,faba3d4b2bdce92a65cf822b61f8b503,8bac7ff5e431d8de9c3a138712c75e47,258bb8b81eaa63b5bbe5d2d0e2600d5f,826e270df2f489c4dc759f4324ccd3fe,aeceb38bb17c79346bcb553d00c34afe,7f8c3350d8af88f06539ff39b07434b1,04ac3d643015ea09132cc161c76391d6,2f0dd976f7121ce3d5bf02800277b13b,dbbef0a8400e857010957a704a3e4877,9bbc704b2da53abdacc4d6ae15110fa9,33d742bc67cacb63f9d11a8d77e0076c,223e5105d097f9bf379f12547edb2d57,5b0747d3aaf44c97aae252c34ea89f85,c777a681234b1de558663bfb8f144e0f,ce65b1227ddbb2fbc188c7eb8250ff3d,36e46d10d77d98f351862f5534853d95,2d14f843d7b1fe8fcc50785de7d1554a,c592f6fdb9381cacd326ace549ff348f,0fce3af00f6976cefbfd2578e4f2f4eb,66f640d4d226cad578de1727d3ac8b00,c5d2614ffe2a2a5b9e446c7a46299f17,f914edec5acf3d2e115e2f8e8c0c43eb,9be240c87a05cb084e540070b784c685,233828e30aac43da019d0fdb4eed765f,bfc6fc9d28dd371c10f773754361c5d5,fe60728506bcfaf8344b7ebc12d53754,f11dccd05f6784e015270ff1e0937672,f4c50337732b7dba0a868750df7d67b3,fa4d532938bcc147ed067ac3747f8f13,45214409529b8afa0b453b3f9c75f05d,3119f81576d973afb09e1ab14d58b0a2,f2aea2c33c0430919ed12f9be1ea8585,9cd8db83c01e3453211c6ce0e9be9e81,c80f8e9e053d9dea10ce28155dc33280,356a418e736cd7d09ede0b4d7e320b8d,f09e3d44d647beb739a0f24abd92c0f6,5f970c33f5f50d9436add8a5122ed2c4,03a805764d15c14714eb10452b11c8ba,3082e9f10d1cdaaeb53b01a6938c6376,8882daf6fd736011aa2612e83a87c765,fd59b864afcd0b3a104e147e8fd75ba6,cd3e3665977f56f6ec25623a80e7ff6d,614042b2373f65f34e6c19812dbb7217,168986179685feb04012a608156a3ec7,14ce0155a275e73f4f51a11c3d5f7314,78bfd76e4a0a5acefe1096c58bf8b273,ab11745cadcb64ebca807a50e75fc930,6e5a57cf805b06e9d2770135515a6105,957f486661da19070a74e385d3afe70d,a12e8df8ada30e2e09f09f89cee81d7d,bf956cfce23f875230973bff0fd9ae5f,f731823ac82b9e9eb8236668328c8b0c,9346beac2f7e5f8733da6915b6e023b4,9e0717a1ef7e4709f68e3e2c280ae520,586233519d636473d48e40f32f451e43,82e3f030e7b46330ddc1ecf717d4604a,3b514ce504b47f55b268c8e55c66e854,ba85f7d91b8c150153a121b6d669bab3,eabca7f74185ffe64a86e6ff2688dcfc,b2161ed6398e721bd35c10f0b7b32497,6f6fac1ddf409a344393707b369eee3d,e426c41b534034bdf462e9319a7849cc,681a82b982b358ecdc302505cccec913,713b29e084c99b4ab36afe3cf587125e,bfd813aac2ce37b4e6447b1eea722fda,1579e91b2ceb6b8e6e014e89aa31b33c,f790982154f90f3ff6f98f48a7ba6d96,b939f9b23385ab680bef0e81ecf6dfcd,46fa47d43162f54c76a7048c46e4dbce,b68738727f7a1c9e241b1534268b0546,f3c2880bc76b2dfc7a47d08c8798be20,2d4a0b48a417dcb4b50f7828496702a6,06dc1e3c47c691ae2f76a7f3b88e3d38,444f94329e16e3efe919208caee77e15,75846045aa22b9a3b6ccdb6ba902375e,7dd576482c44152f11c8860c68febf38,511497d189ac2e6eebe46743e9f7850a,32207b21d7fd3412c4253ed10b6234ab,09f2e63bf369e5b433a10688494974e2
2.D.2,0,0,0,0,7,0,0,0,0,0,0,0,0,85,0,0,3,0,0,0,0,0,0,0,0,0,0,0,0,0,0,3,15,0,0,16,0,9,0,14,0,0,0,0,0,0,0,3,0,0,0,11,0,58,0,0,0,0,0,0,0,0,0,2,5,0,12,0,0,0,0,0,0,0,0,8,0,0,0,0,0,0,0,0,0,0,0,0,0,1064,59,0,0,0,41,0,0,0,0,0,0,0,0,0,4,0,0,0,5,0,0,0,90,47,0,0,61,4,0,0,0,0,0,0,0,0,0,8,0,0,24,0,0,31,0,0,0,0,404,0,47,0,0,4,0,0,0,8,7,0,0,0,0,1311,0,0,0,0,0,0,0,0,0,0,0,0,13,0,0,11,0,0,0,0,60,0,7,0,0,109,0,0,0,0,0,0,36,0,0,0,0,0,0,0,0,0,0,0,0,0,0,0,0,0,0,0,0,36,0,0,193,109,0,20,0,0,0,0,0,0,26,0,0,0,0,0,0,0,0,0,0,0,0,6,0,0,0,0,0,0,0,0,87,0,69,0,0,0,0,0,6,0,0,0,0,0,0,0,0,0,0,0,4,0,7,3,0,0,0,0,0,0,0,0,3,0,0,0,0,0,0,152,0,0,0,0,0,0,0,6,0,0,0,0,0,0,0,0,24,0,0,0,0,0,0,0,0,0,30,0,0,0,0,0,0,0,0,0,0,0,0,0,0,0,0,0,0,0,0,0,0,0,0,0,0,9,0,71,0,0,0,48,0,0,0,0,0,0,15,0,0,5,0,0,0,0,0,0,15,4,0,0,0,0,2,0,16,0,0,0,0,0,0,0,0,0,0,0,0,0,0,0,0,0,0,4,0,0,0,0,0,0,0,0,0,0,0,0,0,0,0,0,0,0,0,31,0,0,0,0,0,0,136,50,0,0,0,0,0,3,0,157,0,7,0,0,0,0,0,0,0,0,0,0,0,0,90,0,0,0,0,8,0,0,0,0,0,0,0,0,0,0,0,0,0,0,0,0,0,0,0,0,0,0,8,0,0,0,12,0,19,0,0,0,0,0,0,0,0,0,0,0,0,0,0,3,0,0,0,0,0,0,0,0,0,0,0,8,0,0,21,0,0,0,0,0,0,0,0,0,0,0,0,0,0,0,0,0,25,0,17,0,0,0,0,0,0,0,0,0,0,0,0,8,0,0,0,0,0,0,0,0,0,0,0,0,0,0,0,0,22,0,0,0,0,9,0,0,0,0,0,0,0,0,0,22,0,4,0,0,0,0,0,0,0,0,0,46,8,0,0,0,0,0,0,0,0,0,0,0,0,0,0,9,61,0,0,15,3,0,0,0,0,0,0,0,0,0,0,0,0,0,0,0
2.D.4,0,0,0,0,30,0,0,0,0,0,0,0,0,151,0,0,0,0,0,0,0,0,0,0,0,0,0,0,0,0,0,25,124,0,0,75,0,0,0,32,0,0,16,0,0,0,0,13,4,0,0,0,0,35,0,3,0,0,0,0,0,0,0,140,0,0,17,0,0,0,0,0,0,0,0,0,0,38,0,0,0,0,0,0,0,0,0,0,0,0,0,10,4,0,68,0,14,0,5,0,0,0,0,0,0,0,0,0,2,0,0,0,87,49,165,0,4,0,0,25,0,0,0,0,0,0,0,0,0,8,63,0,10,90,0,0,0,92,0,0,14,0,0,31,0,0,0,28,0,8,0,5,15,33,0,0,0,0,0,0,0,0,3,0,0,0,28,0,42,6,0,0,0,0,121,0,66,0,0,0,0,0,15,23,0,13,194,0,6,0,0,0,0,0,5,0,0,0,0,23,0,0,0,0,0,0,0,237,0,0,28,350,0,12,0,3,15,0,0,0,100,0,0,0,0,77,0,0,0,0,0,0,0,0,0,0,0,40,0,0,0,49,40,0,31,0,17,0,0,0,17,0,0,76,0,0,0,0,7,0,0,0,11,0,30,0,0,0,0,0,0,0,0,0,0,0,13,0,0,0,0,56,0,0,0,0,0,0,0,0,30,0,0,0,0,0,4,0,0,0,0,0,0,0,0,0,0,0,173,0,0,0,35,0,0,0,0,0,0,0,0,0,0,3,0,0,0,0,9,0,0,0,0,0,0,0,0,95,0,0,0,23,0,0,0,0,0,0,23,0,0,0,5,0,0,0,0,0,58,4,0,0,0,0,0,0,0,4,0,0,0,0,5,89,0,0,0,0,0,0,0,2,0,0,0,0,0,0,0,0,0,0,0,0,0,0,0,0,0,0,0,11,0,0,0,246,0,0,73,0,0,10,0,38,0,0,0,0,0,0,0,256,0,0,0,0,0,0,0,71,0,12,0,0,0,8,268,0,0,0,0,17,0,0,0,10,0,0,0,0,6,0,0,0,0,0,89,0,0,0,0,0,0,14,0,0,0,0,49,0,5,0,0,0,9,0,0,0,0,0,0,0,0,0,0,0,0,0,0,0,0,0,0,0,0,0,0,0,0,3,74,0,0,0,0,0,0,0,0,0,0,0,0,0,0,0,0,0,44,0,0,0,0,0,0,0,0,0,0,0,16,0,12,0,5,0,0,0,0,0,0,0,0,0,0,0,0,0,0,0,111,0,0,0,0,0,0,0,0,0,0,0,0,0,0,54,0,0,21,0,0,0,0,0,0,0,0,134,9,0,0,0,0,0,0,0,0,0,0,0,0,0,0,11,224,0,0,13,0,0,0,0,0,10,24,0,0,0,0,0,0,8,0,0
2.D.5,0,0,0,2,10,0,0,0,0,0,0,0,0,16,0,0,0,0,0,0,0,0,0,0,0,0,0,0,0,0,0,0,0,0,0,0,0,0,0,0,0,0,0,0,0,0,0,0,0,0,0,0,0,0,0,0,0,0,0,0,0,0,0,0,0,0,0,0,0,0,0,0,0,0,0,0,0,16,0,3,0,0,0,0,0,0,0,13,0,0,0,0,0,0,7,0,0,0,0,0,0,0,0,0,0,0,0,0,0,0,0,0,0,0,0,0,0,0,0,0,0,0,0,0,0,0,0,0,0,0,0,0,0,0,0,0,0,0,0,0,0,0,0,0,0,0,0,23,0,0,0,0,0,0,0,0,0,0,0,0,0,0,0,0,0,0,3,0,2,0,0,0,0,0,0,0,0,0,0,0,0,0,0,0,0,0,19,0,0,0,0,0,0,0,0,0,0,0,0,0,0,0,0,0,0,0,0,0,0,0,0,0,0,0,0,0,0,0,0,0,0,0,0,0,0,0,0,0,0,0,0,0,0,0,0,0,0,0,0,0,0,0,0,0,0,0,0,0,0,0,0,0,0,0,0,0,0,0,0,0,0,0,0,0,0,0,0,0,0,0,0,0,0,0,21,0,0,0,0,0,0,0,0,0,0,0,0,0,0,0,6,0,0,0,0,0,0,0,252,0,0,0,0,0,0,0,0,0,27,0,0,0,0,0,0,0,0,0,0,0,0,0,0,0,0,0,0,0,0,0,0,0,0,0,0,0,0,7,0,0,0,0,0,0,0,0,0,4,0,0,0,0,0,0,0,0,0,0,3,0,0,0,0,0,0,0,0,0,0,0,0,0,0,0,0,0,0,0,0,0,0,0,0,0,0,5,0,0,6,0,0,0,0,0,0,0,0,0,0,0,0,0,0,0,0,0,0,0,10,0,0,0,0,4,0,0,0,0,0,0,0,127,0,0,0,0,0,0,0,0,0,0,0,0,0,2,17,0,0,0,0,3,0,0,0,0,0,0,0,0,0,0,0,0,0,0,0,0,0,0,0,0,0,0,0,0,0,0,0,0,0,0,0,0,0,0,0,0,0,0,0,0,0,0,0,0,0,0,0,0,0,0,0,0,0,0,0,0,0,0,0,0,0,0,0,0,0,0,0,0,0,0,0,0,0,0,0,0,0,0,0,0,0,0,0,0,0,0,0,0,0,0,0,0,0,0,0,0,0,0,0,0,0,0,0,0,0,0,0,0,7,0,0,0,0,0,0,0,0,0,0,0,0,0,0,0,0,0,0,0,21,0,0,0,0,0,0,19,0,0,0,0,0,4,0,0,0,0,0,0,0,0,0,0,11,0,0,0,0,0,0,0,0,0,0,0,0,0,0,0,0,0,0,0
2.E.3,0,2,0,0,0,0,0,0,0,0,0,7,0,99,0,0,0,0,0,0,3,3,0,0,0,0,0,0,0,0,0,0,53,0,0,64,0,0,0,0,0,0,0,0,0,0,0,0,5,0,0,0,0,40,0,0,0,0,0,0,0,0,0,0,0,0,2,0,0,0,16,0,0,0,0,0,0,2400,5,8,0,0,0,0,0,0,0,0,0,0,0,0,0,0,76,3,0,0,0,0,0,3,0,0,0,0,0,0,0,16,0,0,0,103,0,0,0,0,0,31,0,0,0,0,0,0,0,0,0,0,25,0,0,0,0,0,5,0,0,0,0,0,0,59,0,0,0,16,0,0,0,0,4,0,0,0,0,0,0,0,0,0,0,0,0,0,45,0,13,2,0,0,0,0,71,0,26,0,0,16,0,0,0,0,0,0,148,0,0,0,0,0,0,0,0,0,0,0,0,0,0,0,0,0,0,0,0,19,0,0,23,37,0,25,0,0,8,0,0,0,256,0,0,0,0,0,0,0,0,3,0,0,0,0,0,0,0,0,0,0,0,29,0,0,53,0,0,0,0,0,21,0,2,15,0,0,0,0,0,0,0,0,6,0,0,0,0,0,0,0,0,0,0,0,0,0,0,3,0,0,0,0,0,0,0,0,0,0,0,0,0,0,0,0,0,0,0,0,0,0,0,0,7,0,0,0,0,0,44,0,0,0,21,0,0,0,0,0,0,0,0,0,0,0,0,0,0,0,0,0,0,0,0,0,0,0,0,71,0,0,0,0,0,0,0,0,0,0,30,0,0,0,0,0,0,0,0,0,68,0,0,0,0,0,0,0,0,5,0,0,0,0,0,0,0,0,0,0,0,7,0,0,0,0,0,6,0,0,0,0,0,0,0,0,0,0,0,0,0,0,0,0,0,0,0,6,0,0,12,0,0,0,0,27,0,0,0,0,0,0,0,196,0,0,0,0,135,0,0,0,0,0,0,19,0,5,111,5,0,0,0,20,0,6,0,0,0,0,0,0,0,0,0,0,3,0,0,0,0,0,0,0,0,0,0,0,0,0,26,0,5,0,0,0,0,0,4,0,0,0,0,0,0,0,5,0,0,0,0,0,0,0,0,0,0,0,0,0,0,0,4,0,0,0,0,0,0,0,15,0,0,0,0,0,0,0,0,0,72,0,0,10,0,0,0,0,0,0,0,0,14,0,0,0,0,0,0,0,0,0,0,0,77,0,4,0,0,6,0,0,68,0,0,0,0,4,0,0,0,0,0,0,0,0,0,32,0,5,0,0,0,0,0,0,0,0,0,62,0,0,0,0,0,0,0,4,0,0,0,0,0,0,0,28,108,0,0,0,0,0,0,0,0,0,12,0,0,0,0,0,0,0,0,0
2.E.4,0,0,0,0,0,0,0,0,7,0,0,0,0,75,0,0,0,0,0,0,0,3,0,0,0,0,0,0,0,0,0,0,32,0,0,13,0,0,0,0,0,6,5,0,0,0,0,3,5,0,0,0,0,40,0,0,0,0,0,0,0,0,0,31,0,0,0,0,0,0,0,4,0,0,0,6,0,311,0,5,0,0,0,0,0,0,0,0,0,0,0,0,0,0,29,0,0,0,0,0,0,0,0,0,0,0,0,0,0,0,0,0,0,30,0,0,0,0,0,7,0,0,0,0,0,0,0,19,0,0,19,0,0,10,0,6,0,0,0,0,0,0,0,42,0,0,0,55,0,0,0,0,0,0,0,0,0,0,0,0,0,0,0,0,0,0,5,0,5,28,0,8,0,0,17,0,6,0,0,5,0,2,4,0,0,0,26,4,0,0,0,0,0,0,0,0,0,0,0,0,0,0,0,0,0,0,0,8,0,3,0,45,0,0,0,0,0,0,0,0,9,0,0,0,0,0,0,0,0,2,0,0,0,0,0,0,0,0,0,0,0,26,30,0,37,0,0,0,0,0,0,0,0,0,0,0,0,0,0,0,0,0,4,0,5,0,0,0,0,0,0,0,0,0,0,0,0,0,0,0,0,0,0,0,0,0,0,0,0,0,0,0,0,0,6,0,0,0,0,0,0,4,0,0,0,0,0,0,0,0,0,0,11,0,0,0,0,0,0,0,0,0,0,0,0,0,0,0,0,0,0,0,0,0,0,0,0,6,0,0,11,3,0,0,0,0,0,0,0,0,0,0,0,0,0,0,0,0,30,8,0,0,0,0,0,0,0,0,0,0,0,0,0,0,0,0,0,0,0,10,0,0,0,0,0,6,0,0,0,0,0,0,0,0,0,0,0,0,0,0,0,0,0,0,0,43,0,0,11,0,0,0,0,16,0,0,0,0,0,0,0,187,0,0,0,0,0,0,0,0,0,0,0,17,0,0,129,0,0,0,0,7,0,0,0,0,0,0,0,0,0,0,0,0,0,0,16,0,0,0,0,0,8,0,0,0,0,0,31,0,3,0,0,0,0,0,0,0,0,0,0,0,0,0,0,0,2,0,0,0,0,0,0,0,0,0,0,0,0,0,13,0,0,0,0,0,0,0,5,0,0,2,0,0,0,0,0,0,0,0,0,5,0,0,0,0,0,2,0,0,0,0,25,0,0,0,0,0,0,0,0,0,5,0,0,0,0,0,0,0,38,0,0,0,0,0,0,0,16,0,0,0,0,0,0,0,0,0,0,0,0,0,0,0,0,0,0,46,0,0,0,0,0,0,0,0,0,0,0,0,0,0,0,2,67,0,0,9,0,0,0,0,0,0,6,0,0,0,0,0,0,0,0,0
2.E.6,0,0,13,0,0,13,0,0,0,0,0,4,0,114,7,0,0,0,0,0,0,31,5899,0,0,0,5,0,0,0,0,22,85,0,0,41,0,0,0,12,0,33,11,15,0,0,4,13,9,0,0,0,7,59,0,0,0,0,0,0,0,0,0,13,0,0,21,0,0,5,0,0,0,0,0,0,0,0,0,3,0,0,0,0,0,0,0,0,0,3484,168,0,0,0,104,9,0,0,0,0,2,0,0,0,0,0,0,0,0,12,0,0,127,76,0,0,106,0,0,6,0,0,0,0,0,9,22,0,54,0,153,0,0,0,0,94,0,0,395,0,3,0,0,15,0,0,0,22,0,0,17,0,0,220,0,0,0,0,8,0,0,0,0,0,0,0,61,0,15,7,0,12,0,0,172,0,24,0,0,60,0,0,6,9,0,0,16,0,0,0,0,0,0,0,0,7,0,0,0,0,0,0,0,0,0,0,4,24,0,13,129,596,0,23,0,0,0,0,0,0,28,12,0,0,0,0,0,0,0,15,0,0,0,0,0,0,0,0,0,0,0,0,58,0,311,0,48,0,0,0,0,6,0,0,0,0,0,0,6,0,0,0,0,0,11,0,0,0,0,6,0,18,0,0,4,0,0,0,0,0,0,25,0,5,0,0,0,0,0,0,0,0,0,0,6,0,0,0,4,0,0,0,0,42,0,0,3,0,65,0,0,0,35,0,0,0,0,0,0,0,0,0,0,0,0,0,55,2,0,0,0,0,0,0,0,156,0,148,0,0,0,10,0,0,0,0,0,0,52,0,0,0,0,0,0,0,0,0,63,18,0,0,0,0,0,0,131,0,0,0,0,0,0,0,0,3,0,0,0,0,0,0,38,0,0,14,0,0,0,0,0,0,0,0,0,10,0,0,0,3,0,5,0,0,0,0,0,0,10,0,4,0,26,36,0,5,0,0,0,0,0,395,0,0,0,13,0,0,0,3,0,0,0,0,0,818,157,0,0,0,315,7,0,0,0,0,59,0,0,0,0,0,0,0,0,0,114,0,0,0,6,0,0,0,0,0,0,0,16,0,0,0,0,0,0,0,0,0,0,0,0,0,0,9,0,0,0,0,0,0,0,0,0,0,0,0,4,0,0,0,126,0,0,0,0,0,0,3,0,0,0,0,0,0,0,0,0,0,27,0,0,33,0,0,0,0,0,0,0,0,19,0,0,23,57,0,0,9,0,0,0,0,0,0,0,0,0,0,0,0,18,0,0,0,0,0,57,0,0,0,0,0,0,0,0,15,0,0,0,0,0,0,0,0,0,0,5,49,12,0,0,0,0,0,0,0,0,0,0,0,0,0,0,14,286,0,0,41,0,3,8,0,0,0,7,0,0,0,0,0,0,0,0,0
2.F.2,0,0,0,0,0,0,0,0,0,44,0,0,0,39,0,0,0,0,0,0,0,0,0,0,0,0,0,0,0,0,0,0,57,0,0,70,0,0,0,5,0,0,0,0,0,0,0,0,0,0,0,0,0,57,0,0,0,0,0,0,0,0,0,23,0,0,0,0,0,0,8,0,0,0,0,2,0,0,0,22,0,0,0,0,0,0,0,0,0,1977,113,0,0,0,31,0,0,0,0,0,0,0,0,0,0,0,0,0,0,0,3,0,76,100,0,0,50,0,0,0,0,0,0,0,0,0,0,10,0,0,0,0,0,12,0,0,0,0,298,0,2,0,0,13,0,0,0,19,0,0,0,0,0,172,0,0,0,0,0,0,0,0,4,0,0,0,15,0,21,3,0,0,0,0,49,0,11,0,0,19,0,0,13,7,0,0,3,0,0,0,0,4,0,0,0,0,0,0,0,0,0,0,0,0,0,0,0,12,0,11,62,105,0,23,0,0,7,4,0,0,19,0,5,0,0,0,0,0,0,9,0,0,0,0,0,0,0,0,0,0,0,29,0,0,0,0,0,0,0,0,14,0,0,29,0,0,0,0,2,0,0,0,0,3,22,0,0,0,0,0,0,0,0,0,29,0,0,0,0,0,0,62,0,0,0,0,0,0,0,0,0,0,0,0,0,0,0,0,4,0,0,0,0,0,0,0,0,0,29,21,0,0,0,0,0,0,0,0,0,0,0,0,0,15,0,0,0,0,0,0,0,0,0,0,0,48,18,45,0,0,0,5,0,0,0,0,16,0,22,0,0,6,0,0,0,0,0,0,72,0,0,0,0,0,0,0,0,0,0,0,0,0,0,0,0,0,0,0,0,0,0,0,0,0,0,11,0,0,0,0,0,0,0,0,0,0,0,0,0,0,0,0,0,0,0,10,0,0,0,0,0,0,0,16,0,0,0,2,0,0,0,202,0,0,0,0,0,0,0,0,0,0,0,0,0,0,225,0,0,0,0,5,0,0,0,0,0,0,0,0,0,0,0,0,0,0,79,0,0,0,0,0,0,0,0,0,0,16,10,0,24,0,0,0,0,0,0,0,0,0,0,0,0,0,0,0,0,0,0,0,0,0,0,0,0,0,0,0,0,0,99,0,0,0,0,0,0,0,0,0,0,0,0,0,0,0,0,0,4,0,0,10,0,0,0,0,0,0,0,0,0,0,0,0,0,0,0,0,0,0,0,0,16,0,8,0,0,0,0,17,36,0,0,0,0,0,81,0,0,0,0,0,0,0,0,7,0,11,0,0,0,0,7,6,0,0,4,31,0,0,0,0,0,11,0,0,0,0,0,0,0,0,0,16,70,0,0,15,0,0,0,0,0,0,8,0,0,0,0,0,0,0,0,0
2.F.5,0,0,0,0,0,0,0,0,0,25,0,0,0,0,0,0,0,0,0,0,0,0,0,0,0,0,0,0,0,0,0,0,0,0,0,8,0,0,0,5,0,0,0,0,0,0,0,0,0,0,0,0,0,0,0,0,0,0,0,0,0,0,0,0,0,0,0,0,0,0,0,0,0,0,0,0,0,0,0,12,0,0,0,0,0,0,0,0,0,197,0,0,0,0,4,0,0,0,0,0,0,0,0,0,0,0,0,0,0,0,0,0,0,0,0,0,12,0,0,0,0,0,0,0,0,0,0,2,0,0,0,0,0,0,0,0,0,0,0,0,0,0,0,0,0,0,0,0,0,0,0,0,5,48,0,0,0,0,0,0,0,0,0,0,0,0,7,0,5,0,0,0,0,0,0,0,6,0,0,0,0,0,0,0,0,0,2,0,0,0,0,0,0,0,0,0,0,0,0,0,0,0,0,0,0,0,0,0,0,0,0,0,0,9,0,0,0,0,0,0,0,0,0,0,0,0,0,0,0,0,0,0,0,0,0,0,0,0,0,0,0,0,0,0,0,0,0,0,0,0,0,0,0,5,0,0,0,0,0,0,0,0,0,0,0,0,0,0,0,0,0,0,0,0,14,0,0,0,0,0,0,0,0,0,0,0,0,0,0,0,0,0,0,0,0,0,0,0,0,0,0,0,0,0,0,0,0,0,0,0,0,0,0,0,0,0,0,0,0,0,0,0,0,0,0,0,0,0,0,0,0,0,0,0,0,0,0,0,0,0,0,0,0,0,0,0,0,0,0,0,0,0,0,0,0,0,0,0,12,0,0,0,0,0,0,0,0,0,0,0,0,0,0,0,0,0,0,0,0,0,0,0,0,0,0,0,0,0,0,0,0,0,0,0,0,0,0,0,0,0,0,0,0,0,0,0,0,0,0,0,0,0,0,0,0,0,0,0,0,0,0,50,0,0,0,0,0,0,0,0,0,0,0,0,0,0,57,0,0,0,0,0,0,0,0,0,0,0,0,0,0,0,0,0,0,0,0,0,0,0,0,0,0,0,0,0,0,0,0,0,0,0,0,0,0,0,0,0,0,0,0,0,0,0,0,0,0,0,0,0,0,0,0,0,0,0,0,0,0,0,20,0,0,0,0,0,0,0,0,0,0,0,0,0,0,0,0,0,3,0,0,0,0,0,0,0,0,0,0,0,0,0,0,0,0,0,0,0,0,0,0,0,0,0,0,0,0,0,0,0,0,0,0,0,0,0,0,0,0,0,0,0,0,0,0,0,0,0,0,0,0,0,0,0,0,0,0,0,0,0,0,0,0,0,0,0,0,0,0,0,0,0,0,0,0,0,0,6,0,0,0,0,0,0,0,0,0,0,0,0,0,0,0,0
2.F.6,0,0,0,0,0,0,0,0,0,0,0,0,0,39,0,0,0,0,0,0,0,0,0,0,0,0,0,0,0,0,0,0,68,0,0,16,0,0,0,126,0,0,0,0,0,0,0,14,20,0,0,0,0,19,0,0,0,0,0,0,0,0,0,0,0,0,10,0,0,0,4,0,0,0,0,0,0,126,0,0,0,0,0,0,0,0,0,0,0,0,0,0,0,0,36,0,0,0,0,0,0,0,0,0,0,0,0,0,0,0,0,0,0,0,0,0,7,0,0,11,0,0,0,0,0,0,0,0,0,0,85,0,0,20,0,0,0,0,0,0,6,0,0,17,0,0,0,16,0,0,0,0,0,0,0,0,0,0,0,0,0,0,0,0,0,0,11,0,15,7,0,0,0,0,48,0,3,0,0,8,0,0,0,0,0,0,50,0,0,0,0,0,0,0,0,0,0,0,0,0,0,0,0,0,0,0,0,13,0,0,37,109,0,8,0,0,12,3,0,0,19,0,0,0,0,0,0,0,0,0,0,0,0,0,0,0,0,0,0,0,0,13,0,0,242,0,0,0,0,0,42,0,0,3,0,0,5,0,0,0,0,0,6,0,0,0,0,0,0,13,0,0,0,0,18,0,0,0,0,0,0,77,0,0,0,0,0,0,0,0,0,0,0,0,0,0,0,0,0,0,33,0,0,9,0,0,0,0,0,0,0,0,0,8,0,0,0,0,0,0,0,0,0,0,0,0,0,0,0,0,0,0,0,0,0,42,0,38,0,0,0,0,0,0,0,0,0,0,18,0,0,0,0,0,0,0,0,0,23,0,0,0,0,0,0,0,0,0,0,0,0,0,0,0,0,0,0,0,0,0,0,0,0,0,0,0,0,0,0,0,0,0,0,0,0,0,0,0,0,0,0,0,0,0,0,52,0,0,13,0,0,0,0,24,0,0,0,0,0,0,0,162,0,0,0,0,11,0,0,0,0,0,0,0,0,17,147,0,0,0,0,22,17,0,0,0,0,0,0,0,0,0,0,0,0,0,0,0,0,0,0,0,0,0,0,0,0,0,19,0,0,0,0,0,0,0,0,0,0,0,6,0,0,0,0,0,0,0,0,0,0,0,0,0,0,0,0,0,0,0,36,0,0,0,0,0,0,0,0,0,0,0,0,0,0,0,0,0,6,0,0,0,0,0,0,0,0,0,0,0,23,0,0,0,0,0,0,0,0,0,0,0,11,0,0,0,0,0,0,0,25,0,0,0,0,0,0,0,0,0,0,0,0,0,0,0,0,0,0,0,0,0,0,0,0,0,0,57,20,0,0,0,0,94,0,0,0,0,0,0,0,0,0,18,35,0,0,4,0,0,6,0,0,0,0,0,0,0,0,0,0,0,0,0
3.D.2,0,0,0,0,0,0,0,0,0,0,0,0,0,36,0,0,0,0,0,0,0,0,0,0,0,0,0,0,0,0,0,0,58,0,0,20,0,0,0,0,0,8,0,0,0,0,0,0,0,0,0,0,0,0,0,0,0,0,0,0,0,0,0,0,0,0,17,0,0,0,0,0,0,32,0,0,0,0,0,6,0,0,0,0,0,0,0,0,0,2977,74,0,0,0,95,0,0,0,0,0,0,0,0,0,0,0,0,0,0,0,0,0,114,57,0,0,0,0,2,0,0,0,0,0,0,0,0,7,6,7,0,0,0,5,0,0,0,0,209,0,0,0,0,25,0,0,0,8,0,0,16,0,0,511,0,0,0,0,0,0,0,0,0,0,0,0,478,0,4,0,7,4,0,0,48,0,15,0,0,13,0,0,9,4,0,0,200,0,0,0,0,0,0,0,0,0,0,0,0,0,0,0,0,0,0,0,0,21,0,0,38,74,0,0,0,0,11,0,0,0,16,0,0,0,0,103,0,0,10,0,0,0,0,0,0,0,0,0,0,0,0,9,21,0,583,0,0,0,0,0,5,0,0,0,0,0,0,0,0,0,0,0,6,0,7,0,0,0,0,0,0,0,0,0,0,0,0,6,0,0,0,18,0,0,0,0,0,0,0,0,0,0,0,0,0,0,0,0,0,0,0,0,0,0,0,0,0,0,26,0,0,0,42,0,0,0,0,0,0,0,0,0,0,0,0,0,0,0,0,0,0,0,0,0,0,49,15,388,0,0,0,44,0,5,0,0,0,0,20,0,0,0,0,0,29,0,0,0,40,5,0,0,0,0,0,4,0,0,0,0,0,0,0,0,0,0,0,0,0,0,0,0,0,0,0,0,0,0,0,0,0,0,0,0,0,0,0,0,0,0,0,0,0,0,0,10,0,0,24,0,0,0,0,13,0,0,0,0,0,0,0,115,0,310,0,0,0,0,0,0,0,0,0,0,0,0,163,0,0,0,0,2,0,0,0,0,0,0,0,0,4,0,0,0,0,0,34,0,0,0,0,0,0,0,0,3,0,0,0,0,8,0,0,0,0,0,0,0,3,0,0,0,0,0,0,0,0,0,0,0,0,0,0,0,0,0,0,0,0,0,22,0,0,0,0,0,0,0,3,0,0,0,0,0,0,0,0,0,11,0,0,5,0,0,0,0,0,0,0,0,0,0,0,0,0,0,0,0,0,3,0,0,4,0,0,0,0,0,0,0,34,3,0,0,0,0,0,0,0,0,0,0,0,0,5,0,0,17,0,0,29,0,0,0,10,0,0,39,0,0,0,0,0,0,0,0,0,0,5,0,0,0,0,3,52,0,0,0,0,0,0,0,0,0,0,0,0,0,0,0,0,0,0,0
3.D.4,0,0,0,0,0,0,0,0,0,0,0,0,0,55,0,5,0,0,0,0,0,0,0,0,0,0,0,0,0,0,0,17,75,0,0,55,0,0,0,0,0,4,0,0,0,0,0,0,0,0,0,0,0,0,0,0,0,0,0,0,0,0,0,28,0,0,5,0,0,0,4,0,0,0,0,0,0,1867,0,12,0,0,0,0,0,0,0,0,0,0,0,4,0,0,38,0,0,0,0,0,0,0,0,0,0,0,0,0,0,0,0,0,0,0,0,0,0,0,0,14,0,0,0,0,0,0,0,0,0,18,50,0,0,30,0,0,0,0,0,0,0,0,0,16,0,0,0,10,0,0,0,0,4,252,0,0,0,0,0,0,0,0,0,0,0,0,40,0,21,18,0,0,0,0,81,0,11,0,0,17,0,0,15,10,2,0,47,0,0,0,0,0,0,0,0,0,0,0,0,0,0,0,0,0,0,0,0,36,0,0,0,177,0,28,0,0,0,0,0,0,4,0,0,0,0,0,0,0,0,11,0,0,0,0,0,0,0,0,217,0,0,0,0,0,0,0,0,0,0,0,0,0,0,18,0,0,0,0,0,0,0,0,2,0,0,0,0,0,0,0,0,0,0,0,0,0,0,0,0,0,0,0,0,0,0,0,0,0,0,26,0,0,0,0,0,0,0,0,0,0,0,0,0,0,0,0,0,0,88,12,0,0,29,0,0,0,0,0,5,0,0,0,0,0,0,0,0,0,0,0,0,0,0,0,0,66,0,42,0,0,0,20,0,0,6,0,0,0,37,0,0,0,0,0,0,0,0,0,75,0,0,0,0,0,0,0,0,0,0,0,0,0,0,0,0,0,0,0,0,0,0,0,0,0,0,18,0,0,0,0,0,0,0,0,0,0,0,0,0,0,0,0,0,0,0,9,0,0,15,0,0,0,0,10,0,0,0,0,0,0,0,337,0,0,0,0,109,0,0,0,0,0,0,0,0,17,180,0,0,0,0,6,0,0,0,0,0,0,0,0,0,0,13,0,0,0,102,0,0,0,0,0,0,0,0,0,0,0,0,0,17,0,0,0,12,0,0,0,0,0,0,0,10,0,0,0,0,0,0,0,0,0,0,0,0,0,0,0,0,0,31,0,0,0,0,0,4,0,23,0,9,0,0,0,0,0,0,0,27,0,0,0,0,0,0,0,0,2,0,0,17,0,0,0,0,0,0,0,0,0,17,0,14,0,11,0,0,0,0,0,41,0,0,0,0,0,0,0,0,0,4,0,0,0,0,0,0,18,0,0,0,0,0,0,0,0,0,83,0,0,0,0,0,0,0,0,0,0,0,0,0,0,0,0,79,0,0,0,0,0,0,0,0,0,0,0,13,0,0,0,0,12,0,0
3.D.5,0,0,0,0,5,0,0,0,0,0,0,0,0,119,0,0,0,0,0,0,0,0,0,0,0,0,0,0,0,0,6,0,136,0,0,99,0,0,0,0,0,55,0,0,0,0,0,0,23,0,0,0,0,135,0,0,0,0,0,0,0,0,0,17,0,0,23,0,0,0,0,0,0,0,0,8,0,1002,0,0,0,0,0,0,0,0,0,0,0,0,0,4,0,0,171,3,0,0,0,0,0,0,0,0,0,0,10,0,0,0,0,0,239,76,0,0,17,0,0,67,0,0,0,0,0,0,0,0,0,0,58,0,0,24,0,0,6,0,0,0,19,4,0,35,0,0,0,13,0,0,0,0,0,0,0,0,0,0,0,0,0,0,0,0,0,0,20,0,21,23,0,0,0,0,67,0,50,0,0,747,0,0,12,8,0,0,198,0,0,0,0,0,0,0,0,0,0,0,0,12,0,0,0,0,0,0,0,20,0,16,716,256,0,86,0,0,0,0,0,0,14,0,0,5,0,0,15,0,0,0,0,0,0,0,0,0,0,0,0,0,0,35,0,17,39,0,35,0,0,0,0,0,0,18,0,0,0,0,0,0,0,0,0,0,23,0,0,0,0,0,0,0,0,0,0,0,0,0,0,0,0,71,0,0,0,0,0,0,0,0,0,0,0,0,0,0,0,0,0,0,0,0,0,0,0,0,0,0,166,0,0,0,26,0,0,0,0,0,0,0,8,0,0,0,0,0,0,0,0,0,0,0,0,0,0,111,0,235,0,0,0,173,0,0,0,0,0,0,21,0,0,0,0,0,0,0,0,0,71,0,0,0,0,0,0,0,33,0,0,0,0,0,0,0,0,0,0,0,0,0,0,0,0,0,0,28,0,0,0,0,0,0,0,0,0,16,0,0,7,0,0,0,0,0,0,163,0,10,15,0,0,0,0,94,0,0,0,0,0,0,0,280,0,0,0,0,0,0,0,0,0,2,0,0,0,15,143,0,0,0,0,0,0,0,0,0,0,0,0,0,0,0,0,0,0,0,122,0,0,0,18,0,0,0,0,0,0,0,28,0,16,0,0,0,0,0,0,0,0,0,0,0,0,0,5,0,0,0,0,0,0,0,0,0,0,0,0,0,0,0,0,0,0,0,0,0,0,0,19,0,0,0,0,0,0,0,0,0,12,0,0,5,0,0,0,0,0,0,0,0,0,0,6,0,0,0,0,0,0,7,0,0,0,0,0,0,0,0,0,0,212,0,0,0,0,0,0,0,0,0,0,0,0,0,0,22,0,0,0,0,0,0,0,0,0,0,0,111,3,0,0,0,0,0,0,0,0,0,0,0,0,0,0,9,192,0,0,0,0,0,0,0,0,0,18,0,0,0,10,0,0,0,0,0
3.E.3,12,0,0,0,0,0,0,0,5,0,0,0,0,150,0,0,0,13,0,0,0,6,0,0,0,0,0,0,0,0,0,22,176,0,0,76,0,0,0,7,0,10,0,0,0,0,0,0,29,0,0,0,0,33,0,0,0,0,0,0,0,8,2,10,0,0,8,0,0,0,6,0,0,0,0,0,0,3487,0,0,0,0,0,0,0,16,0,32,4,0,0,3,0,8,213,0,0,0,0,0,0,0,0,0,0,0,0,0,5,16,0,0,116,61,0,0,17,0,0,0,0,0,0,0,0,0,0,3,0,0,141,0,0,41,0,0,0,0,0,0,0,0,0,47,0,0,0,6,0,0,0,0,0,0,0,0,0,0,0,0,0,0,0,0,0,0,25,0,16,39,0,0,0,0,154,0,0,0,0,0,0,0,45,20,0,3,35,0,0,0,0,0,0,0,0,7,0,0,0,0,0,0,0,0,0,0,0,25,0,20,126,385,0,18,0,0,0,0,0,0,25,0,0,0,0,726,0,0,0,17,0,0,0,0,0,3,0,0,0,0,0,46,0,4,102,0,0,0,0,21,33,0,0,0,0,0,0,0,0,0,14,0,5,0,27,0,0,0,0,0,0,0,0,0,0,4,0,6,0,0,0,4,0,0,3,0,0,0,0,0,0,0,0,0,0,0,0,0,0,0,0,6,0,0,0,0,0,0,108,0,0,0,14,0,0,0,0,0,0,0,0,0,0,0,0,0,0,0,11,0,0,0,0,0,0,113,0,188,0,0,0,0,0,0,0,0,0,5,26,0,0,5,0,4,0,0,0,0,50,8,0,0,0,0,0,0,18,0,0,0,0,0,0,0,0,0,0,0,0,0,0,0,7,0,0,32,0,0,0,0,0,0,0,0,9,0,0,0,0,0,0,0,0,0,0,0,0,0,54,0,0,0,0,39,7,0,5,0,0,0,0,215,0,0,0,0,0,0,0,6,0,0,0,10,0,4,262,0,5,0,0,26,0,4,0,0,7,0,0,0,0,0,0,0,0,0,72,0,0,0,0,0,0,0,0,4,0,0,33,0,0,0,0,0,0,0,0,0,0,0,0,0,0,0,0,0,8,0,0,0,0,0,4,0,0,0,0,0,0,0,35,12,0,0,0,0,0,0,20,0,0,0,0,0,0,0,0,0,36,0,0,31,0,0,0,0,0,0,3,0,9,0,60,0,0,0,0,26,0,0,0,0,126,0,0,0,0,0,0,0,105,0,0,0,0,0,0,0,0,0,0,0,0,0,0,12,0,0,0,0,0,0,0,0,0,0,0,176,0,0,0,0,0,0,0,0,0,0,0,0,0,0,0,15,189,0,0,53,0,0,0,0,4,0,0,0,0,0,0,0,6,0,0,0
3.E.4,0,0,0,15,0,0,0,0,0,0,0,0,0,40,0,0,0,0,0,0,0,0,0,0,0,0,0,0,0,0,0,10,52,0,0,11,0,0,0,2,0,4,0,0,0,0,0,2,6,0,0,0,0,0,0,0,0,0,0,0,0,0,0,5,0,0,0,0,0,0,0,0,0,0,0,0,0,5691,0,0,0,0,0,0,0,0,0,0,5,0,0,0,0,0,74,6,0,0,0,0,0,0,0,0,0,0,0,0,0,0,0,0,53,16,0,0,7,0,0,10,0,0,0,0,0,0,0,0,0,0,10,0,0,0,0,0,0,0,0,0,0,0,0,9,0,0,0,23,0,0,0,0,0,0,0,0,0,0,0,0,0,0,0,0,0,0,19,0,2,0,5,0,0,0,21,0,21,0,0,11,0,0,7,6,0,0,46,0,0,0,0,0,0,0,0,0,0,0,0,0,0,0,0,0,0,3,0,70,0,7,18,97,0,0,0,0,5,0,0,0,19,0,0,0,0,6,0,0,0,3,0,0,0,0,0,0,0,0,0,0,0,14,0,0,50,0,15,0,0,0,13,0,0,0,0,0,0,0,0,0,0,0,9,0,0,0,0,0,0,0,0,0,0,0,0,0,43,0,0,0,0,0,0,0,0,0,0,0,0,0,4,0,0,0,0,0,0,0,0,0,0,0,0,0,0,0,0,0,79,14,0,0,0,0,0,0,0,0,0,0,0,0,0,0,0,16,0,0,0,0,0,0,0,0,0,23,0,90,0,0,0,0,0,0,0,0,0,0,0,0,0,0,0,0,0,0,0,0,49,0,0,0,0,0,0,0,11,0,0,0,0,0,0,0,0,0,0,0,0,2,0,4,2,0,0,3,0,0,0,0,0,0,0,0,0,9,0,0,0,0,0,0,0,0,0,21,0,0,21,0,0,0,0,26,0,0,0,0,0,0,0,72,0,0,0,0,0,0,0,0,0,0,0,0,0,0,95,0,0,0,0,2,5,0,0,0,0,0,0,0,0,0,2,0,0,0,37,0,0,0,4,0,0,0,0,0,0,0,0,0,0,0,0,0,0,0,6,0,0,0,0,0,0,0,0,0,0,0,12,5,0,0,0,0,0,0,0,0,0,0,5,0,0,0,0,0,0,0,8,0,0,0,0,0,0,0,0,0,0,0,0,0,0,0,0,0,0,0,0,0,0,0,0,6,0,0,0,0,0,0,0,0,0,0,0,0,0,0,0,0,10,0,0,0,0,0,0,0,21,0,0,0,0,0,0,0,0,16,0,0,0,0,0,0,5,0,0,53,0,0,0,0,0,0,0,0,0,0,8,0,0,0,0,20,76,0,0,0,0,0,0,0,0,0,0,0,0,0,0,0,0,0,0,0
3.E.6,0,0,0,7,3,0,0,0,4,0,0,0,0,103,0,0,0,0,0,0,0,4,2457,0,0,0,0,0,0,0,0,13,113,0,0,56,5,0,0,3,0,3,0,0,0,0,0,6,12,17,0,0,0,63,0,0,0,0,0,0,0,0,0,4,0,0,0,0,0,0,0,0,0,238,0,2,0,0,0,24,0,0,0,0,0,0,0,0,0,2248,123,0,0,0,87,14,0,0,0,0,0,0,0,0,0,0,0,13,7,8,4,0,243,32,0,0,13,0,0,37,0,0,0,0,0,2,0,0,5,0,33,0,0,7,0,0,8,0,611,0,13,0,0,33,0,0,0,29,0,0,0,0,0,2043,0,37,0,0,0,0,0,0,0,0,0,0,100,0,5,2,0,0,0,0,119,0,2,0,0,36,0,0,11,12,0,9,44,0,0,0,0,0,0,0,0,0,0,0,0,10,0,0,0,0,0,0,0,9,0,3,307,407,0,16,0,0,9,8,0,0,30,6,0,0,0,45,0,0,9,7,0,0,0,0,0,0,0,0,0,0,0,18,0,0,211,0,20,0,0,0,12,0,0,0,0,4,0,0,5,0,0,0,0,7,15,0,0,0,2,0,7,0,0,0,4,0,0,0,0,0,0,26,0,0,0,0,0,0,0,0,0,0,0,0,0,0,0,0,22,0,0,0,0,0,0,0,0,0,78,0,0,0,33,0,0,0,0,0,0,0,0,0,0,3,0,0,0,0,7,0,0,0,0,0,0,101,17,191,0,0,0,87,0,0,0,0,0,0,17,0,0,0,0,0,0,0,0,0,11,9,0,0,0,0,0,0,0,0,0,0,0,0,0,0,0,0,0,0,0,7,0,0,0,0,0,22,0,0,0,15,0,0,0,0,0,0,0,0,0,0,0,0,0,0,0,21,4,0,31,5,0,0,0,35,0,0,0,0,0,0,0,173,0,0,0,0,0,0,0,11,0,0,0,20,0,0,114,0,0,3,0,6,0,0,5,0,0,0,0,0,0,0,0,0,0,0,132,125,0,0,0,0,3,0,0,0,0,6,47,0,3,0,0,0,0,0,0,0,0,0,0,0,0,0,0,0,6,0,8,0,0,5,0,0,0,0,7,0,0,0,65,0,0,0,0,0,0,3,5,0,0,0,0,0,0,0,0,0,0,0,0,15,3,0,0,0,0,0,0,0,20,0,0,7,8,0,0,0,0,0,0,0,0,0,0,0,0,0,0,0,18,0,0,0,0,5,0,0,0,0,0,0,0,0,0,0,0,0,0,0,0,0,0,0,0,0,0,82,0,0,0,0,0,186,0,0,0,0,0,0,0,0,0,8,134,0,0,3,0,0,16,0,0,0,7,0,0,0,0,0,0,0,0,0
3.F.2,0,2,0,0,0,0,0,0,11,0,10,0,0,171,0,0,0,0,0,0,0,19,0,0,0,0,0,0,0,0,15,0,358,0,0,85,0,0,0,11,0,0,0,0,0,0,0,47,11,0,0,0,0,109,0,0,0,0,0,0,0,0,0,25,0,0,21,0,0,0,0,0,4,0,0,0,139,0,0,0,0,0,0,0,0,6,0,0,0,3888,196,14,0,0,85,0,0,4,0,0,0,0,0,0,0,0,0,0,0,6,0,0,197,116,0,0,14,0,0,17,0,0,0,0,0,0,0,0,3,0,52,5,0,29,0,0,0,0,743,0,9,0,0,35,0,0,0,52,14,0,15,0,4,68,0,0,0,0,9,0,0,0,3,0,0,0,14,0,11,31,0,4,0,0,122,0,0,0,0,165,9,0,85,19,0,0,259,3,0,5,0,0,0,0,0,0,0,0,0,9,0,0,0,0,0,0,0,30,0,14,277,317,0,33,0,0,28,0,0,0,58,0,0,0,0,0,0,0,0,5,0,14,0,0,0,0,0,0,0,0,0,31,0,0,1367,0,0,0,0,0,35,0,0,0,0,0,0,0,51,0,0,0,4,14,0,0,0,0,0,0,0,0,0,0,0,0,17,22,0,0,0,0,0,0,0,0,0,0,0,0,30,0,5,0,0,0,0,0,0,0,0,0,0,0,0,0,0,0,97,0,0,0,14,0,0,0,0,0,7,0,0,0,0,3,0,0,0,0,15,0,0,0,0,0,0,169,0,357,0,0,0,82,0,0,0,0,0,0,0,0,0,0,0,0,0,46,0,0,108,18,0,0,0,0,0,0,13,0,0,0,0,0,0,0,0,0,0,0,0,28,0,0,2,0,0,14,8,0,0,7,0,0,0,0,0,10,0,0,0,0,0,5,0,0,0,163,0,0,51,0,0,7,0,30,0,0,0,0,0,0,0,212,2,22,0,0,0,0,29,0,0,0,0,0,0,12,536,0,0,0,0,23,0,0,6,0,0,0,0,0,0,0,11,0,0,4,237,0,0,0,0,0,0,0,0,0,0,0,13,0,10,10,0,0,0,0,0,0,0,0,0,0,10,0,0,0,5,0,0,0,0,0,0,0,0,0,0,0,0,0,28,0,0,0,0,0,0,0,0,10,0,0,43,0,0,0,0,0,28,6,0,0,0,0,0,0,0,0,0,0,20,7,8,0,12,0,0,0,0,0,0,0,14,0,0,0,0,0,0,0,137,0,0,0,0,0,48,0,0,111,0,0,0,0,0,0,0,0,0,0,0,0,0,0,0,0,0,83,0,0,0,3,0,0,0,0,0,0,0,0,9,16,0,54,201,0,0,6,0,0,4,0,0,0,4,0,0,0,0,0,0,0,0,2
3.F.5,0,0,0,0,0,0,0,0,0,0,0,0,0,144,0,0,0,0,0,0,0,0,0,0,0,0,0,0,0,0,0,11,135,0,0,49,0,0,0,0,0,31,14,0,0,0,0,5,0,0,0,0,0,40,0,0,0,0,0,0,6,0,0,0,0,0,0,0,0,0,0,0,0,0,0,0,0,264,0,32,0,0,0,0,0,0,0,0,0,0,0,0,0,0,95,4,0,0,0,0,0,0,0,0,0,0,0,0,0,21,0,0,134,49,0,0,0,0,0,29,0,0,0,0,0,0,0,35,0,0,21,0,0,8,0,0,0,0,3,0,0,0,0,29,0,0,0,52,0,0,0,0,0,0,0,0,0,0,0,0,0,0,0,0,0,0,35,0,10,59,0,29,0,0,155,0,4,0,0,161,0,0,28,14,0,0,99,0,0,0,0,0,0,0,0,0,0,0,0,0,0,13,0,2,0,0,0,16,0,0,121,207,0,37,0,0,4,0,0,0,14,5,0,0,0,24,0,0,0,13,0,0,0,0,0,0,0,0,0,0,0,20,17,0,561,0,0,0,0,0,8,0,0,0,0,0,0,0,0,0,0,0,0,0,18,0,0,0,0,0,0,0,0,0,15,0,0,0,0,0,0,36,5,0,0,0,6,0,0,0,0,0,0,0,0,0,0,0,0,0,0,0,0,0,0,0,0,0,144,0,0,0,16,0,0,0,0,0,0,0,0,0,6,81,0,0,0,0,12,0,0,0,0,0,0,89,0,82,0,0,0,0,0,0,0,0,0,20,59,0,0,0,0,0,0,0,0,0,54,0,0,5,0,0,0,0,16,0,0,0,8,3,0,0,0,0,0,0,0,0,0,0,17,0,0,8,0,0,0,0,0,0,0,0,0,64,0,0,0,0,0,0,0,0,0,0,0,0,3,0,0,0,0,33,0,0,0,0,0,0,0,282,0,2,0,0,88,0,0,0,0,18,0,30,0,7,180,0,0,0,0,0,0,2,0,0,8,0,0,0,0,0,19,0,0,7,101,0,0,0,0,0,0,0,0,0,0,0,34,0,0,0,0,0,0,0,0,0,0,0,0,0,0,0,0,0,0,0,0,0,0,0,0,0,0,0,2,0,0,0,21,0,0,0,0,0,0,0,0,0,0,0,0,0,0,0,0,0,24,0,0,18,0,0,0,0,0,0,0,0,13,0,0,4,0,0,2,4,0,0,0,0,13,0,22,0,0,0,0,0,355,0,0,0,0,0,0,0,0,0,0,0,0,0,0,19,0,0,0,0,0,0,0,0,0,0,0,76,0,0,0,0,0,0,0,0,13,0,0,0,0,0,0,42,149,0,0,116,0,0,25,0,0,0,6,0,0,0,0,0,0,6,5,0
3.F.6,0,0,0,0,0,0,0,0,0,0,0,0,0,126,0,0,0,9,0,0,0,4,0,0,0,0,0,0,0,0,9,14,196,0,0,70,0,0,0,7,0,14,6,0,0,0,0,2,29,0,0,0,0,112,0,0,0,0,0,0,0,0,0,0,0,0,4,0,0,0,0,0,0,0,0,0,0,3670,0,0,0,0,0,0,0,0,0,0,6,0,0,6,0,4,42,0,0,0,0,0,0,0,0,0,0,0,0,0,0,15,0,0,178,113,0,0,12,0,0,31,0,0,0,0,247,0,0,0,0,0,97,0,12,543,0,0,0,0,21,0,0,0,5,26,0,0,0,53,0,0,0,0,0,13,0,0,8,0,23,0,0,0,0,0,0,0,322,6,11,15,3,0,0,0,83,0,24,0,0,0,0,0,0,25,0,0,253,0,0,0,0,0,0,0,0,0,0,0,0,17,8,0,0,0,0,0,0,51,0,4,71,243,0,120,0,0,0,0,0,0,29,0,0,0,0,0,0,0,0,6,0,16,0,0,0,0,0,0,0,0,0,61,0,0,152,0,12,0,0,0,0,0,7,7,0,0,0,0,0,0,0,0,0,0,10,0,0,0,0,0,0,0,0,0,13,0,8,0,0,0,0,0,0,0,0,0,0,0,0,0,10,0,0,0,0,0,0,0,0,5,0,10,0,0,0,0,0,4,164,0,0,0,16,13,0,0,0,0,0,9,0,0,0,5,0,0,0,0,10,0,0,0,0,0,0,59,0,108,0,0,0,25,0,0,0,0,0,0,16,0,0,0,0,0,0,0,0,0,55,0,0,0,0,0,0,0,21,0,0,0,0,0,0,0,0,0,0,0,0,3,0,0,0,0,0,16,0,5,9,0,0,0,0,0,0,61,0,0,0,0,0,0,0,0,0,47,0,0,37,0,0,0,0,36,0,0,27,0,0,0,0,343,0,0,0,2,0,0,0,0,0,0,0,0,0,0,286,0,0,0,0,16,0,0,16,0,0,0,0,0,13,0,0,0,0,0,257,0,0,0,0,0,0,0,0,0,0,0,17,18,8,18,0,0,0,0,6,0,0,0,0,0,0,0,0,0,0,0,0,0,11,0,0,0,18,0,0,0,0,0,26,0,0,0,0,0,0,0,7,0,0,0,0,0,0,0,0,0,17,0,0,6,0,0,0,0,0,0,0,0,12,0,0,0,0,0,0,5,0,0,0,0,9,0,10,0,0,0,0,0,122,0,0,0,0,0,0,0,127,0,0,0,10,0,38,24,0,0,0,0,0,0,0,4,0,0,0,27,4,0,0,0,0,37,0,0,0,0,0,0,0,0,0,9,556,0,0,11,0,0,0,0,0,0,0,0,0,0,0,0,0,9,0,0
4.D.1,0,0,0,0,0,0,0,0,0,0,0,0,0,91,0,0,0,17,0,0,0,2,0,0,0,0,0,0,0,0,0,0,53,0,0,16,0,0,0,7,0,0,0,0,0,0,0,0,6,0,0,0,0,22,0,0,0,0,0,0,0,0,0,10,0,0,0,0,0,0,0,0,0,0,0,0,0,0,0,0,0,0,0,0,0,0,0,0,0,528,85,0,0,0,64,5,0,0,0,0,0,0,0,0,0,0,0,0,0,0,0,0,94,27,0,0,23,0,0,0,0,0,0,0,0,0,0,3,0,0,0,0,0,4,0,0,0,0,168,0,0,0,0,0,0,0,0,5,0,0,0,0,0,479,0,0,0,0,0,0,0,0,0,0,0,0,0,0,7,0,0,0,0,0,39,0,14,0,0,40,12,0,0,9,0,0,177,0,0,0,0,0,0,0,0,0,0,17,0,0,0,0,0,0,0,0,0,116,0,9,80,107,0,6,0,0,0,0,0,0,3,0,0,0,2,6,0,0,0,7,0,0,0,0,0,0,0,0,0,0,0,12,0,0,0,0,0,0,0,0,0,0,0,9,0,0,0,0,0,0,0,0,0,0,0,0,0,0,0,0,0,0,0,0,0,0,0,0,0,0,0,66,0,0,0,0,0,3,0,0,0,0,0,0,4,0,0,0,0,0,0,2,0,0,0,0,0,0,56,8,0,0,0,0,0,0,0,0,0,0,0,0,0,0,0,0,0,0,0,0,0,0,0,0,0,34,20,62,0,0,0,0,0,0,0,0,0,0,18,0,0,3,0,3,10,0,0,0,11,0,0,0,0,0,0,0,0,0,0,0,0,0,0,0,0,0,0,0,0,0,0,5,0,3,0,2,0,0,0,0,0,0,0,0,0,0,0,0,0,0,0,0,0,0,0,4,0,0,0,0,0,0,3,7,0,0,0,0,0,0,0,96,0,0,0,0,0,0,0,0,0,0,0,0,0,0,53,0,0,0,0,0,6,0,0,0,0,0,0,0,0,0,0,0,0,0,109,0,0,0,0,0,0,0,0,0,0,0,5,0,5,0,0,0,0,0,0,0,0,0,0,0,0,0,0,0,0,0,0,0,0,0,0,0,0,0,0,0,0,0,3,0,0,0,0,0,0,0,0,0,0,0,0,0,0,0,0,0,12,0,11,0,0,0,0,0,0,0,0,0,0,0,5,0,0,0,0,0,0,0,0,0,0,0,0,0,0,0,0,0,33,7,0,0,0,0,0,0,0,0,0,0,0,0,0,0,0,0,0,0,0,0,0,0,0,0,0,28,0,0,0,0,0,0,0,0,0,0,0,0,0,0,28,0,57,0,0,8,0,0,7,0,0,0,3,0,0,0,0,0,0,0,0,0
4.D.2,0,0,0,0,0,0,0,0,12,0,0,0,0,125,0,0,0,0,0,0,0,0,0,0,0,115,0,0,0,3,0,0,67,0,0,46,0,0,0,0,0,14,11,0,0,0,0,10,0,0,0,0,0,26,0,0,0,0,0,0,0,0,0,21,0,0,6,0,0,0,4,0,0,0,0,0,0,169,0,0,0,0,0,0,0,0,0,0,0,0,0,0,0,0,45,0,0,0,0,4,0,0,0,0,0,0,0,0,3,14,0,0,93,95,0,0,0,0,0,11,0,0,0,0,0,0,0,0,0,0,0,7,0,17,0,0,0,0,0,0,7,0,0,3,0,0,0,0,0,0,0,0,0,53,0,0,0,0,0,0,0,0,0,0,0,7,33,0,13,5,0,11,0,0,23,0,9,0,0,15,0,0,30,3,0,7,194,0,0,0,0,0,0,0,0,0,0,0,0,0,0,0,0,0,0,0,0,25,0,0,47,259,0,56,0,0,9,0,0,0,0,0,0,0,0,10,0,0,0,0,0,0,0,0,0,0,9,0,0,0,0,27,19,4,140,0,0,0,0,0,0,0,0,0,0,0,0,0,3,0,0,3,5,0,7,0,0,0,0,0,0,0,0,0,0,0,0,0,0,0,0,0,0,0,0,0,0,0,0,0,8,0,0,0,8,0,0,0,0,0,3,0,0,0,0,0,0,0,84,0,0,0,15,0,0,0,0,0,0,0,0,0,0,0,0,0,0,0,14,0,0,0,0,10,0,26,0,63,0,0,0,0,0,0,0,0,0,6,10,0,0,0,0,0,0,0,0,0,85,14,0,0,0,0,0,0,9,0,0,0,0,0,0,0,0,0,0,0,0,0,0,0,0,0,0,0,0,0,0,0,0,0,0,0,0,0,0,0,0,0,0,4,0,0,0,23,0,0,116,0,0,0,0,7,0,0,0,0,0,0,0,107,0,0,0,0,0,0,0,0,0,0,0,0,0,3,119,0,0,0,0,0,0,0,0,0,0,0,0,0,0,0,0,0,0,0,112,0,0,0,4,0,0,0,0,0,0,0,17,0,0,0,0,0,6,0,0,0,0,0,0,0,0,0,5,0,0,0,0,0,0,0,0,0,0,0,0,0,0,0,16,0,0,0,0,0,0,0,0,0,0,0,0,0,0,0,0,0,9,0,0,9,0,0,0,0,0,0,0,0,0,0,0,0,15,0,0,0,0,14,0,0,0,0,3,0,0,0,0,0,145,0,0,0,0,0,0,0,0,0,0,0,0,0,0,4,0,5,0,0,0,0,0,0,0,0,0,120,0,0,0,0,0,0,0,0,0,0,0,0,0,0,0,0,332,0,0,13,0,0,0,0,0,0,0,0,0,0,0,0,0,0,0,0
4.D.3,0,0,0,0,0,0,0,0,0,0,0,0,0,226,0,0,0,0,0,0,0,17,0,0,0,0,0,0,0,0,0,12,226,0,0,100,0,0,0,27,0,32,0,0,0,0,0,0,40,0,0,0,0,79,0,0,0,0,0,0,0,0,0,75,0,0,44,0,0,0,0,0,0,0,0,0,0,790,0,288,0,16,3,0,0,0,0,0,0,0,0,0,0,0,71,0,0,0,11,0,0,0,0,6,0,0,0,0,0,18,0,0,210,201,0,0,0,0,0,28,0,24,0,0,0,0,0,0,0,0,50,0,0,35,0,0,0,0,15,0,0,0,0,92,0,0,0,71,0,0,0,0,6,0,0,0,0,0,8,0,0,16,0,0,0,0,75,0,43,10,0,0,0,0,125,0,32,0,0,32,0,0,38,22,0,39,119,0,0,0,0,0,12,0,10,11,0,0,13,16,10,0,16,0,0,0,0,70,0,6,134,292,0,0,0,0,0,0,0,0,24,0,0,0,0,0,0,0,0,0,7,0,0,0,0,0,0,0,0,4,0,92,4,0,0,0,9,0,0,0,40,0,0,0,0,0,0,0,0,0,0,0,4,9,26,0,10,0,0,0,0,0,0,0,0,0,15,4,0,0,0,9,0,0,0,0,0,0,0,0,7,52,0,0,0,0,0,0,0,0,0,0,0,0,0,0,0,0,84,0,0,0,12,0,0,0,0,0,0,0,0,0,0,0,0,12,0,0,24,0,0,3,4,0,0,102,0,330,14,0,0,7,0,0,0,0,0,8,0,0,9,0,0,0,0,0,0,0,54,24,0,0,3,0,0,0,22,2,0,0,0,0,0,0,0,0,0,0,0,10,0,0,10,0,0,36,0,0,0,0,0,0,0,0,0,0,0,0,0,15,0,2,0,0,0,282,0,0,34,0,0,0,0,70,0,4,0,0,0,0,0,591,0,0,0,0,0,0,0,0,0,10,0,0,0,0,310,0,0,0,0,8,0,0,10,0,9,0,0,0,0,0,0,0,0,0,303,0,0,0,0,0,0,7,0,0,0,0,46,0,26,0,0,0,0,0,0,0,0,0,0,0,0,0,4,0,7,0,0,0,0,0,0,14,0,0,14,0,0,0,63,0,0,8,11,11,0,0,20,0,0,0,0,0,0,0,0,0,21,0,0,13,0,0,0,0,0,0,0,0,13,0,0,0,0,0,0,0,0,14,0,0,13,0,0,0,0,0,0,0,111,0,0,0,0,0,0,0,215,0,0,0,0,0,20,2,0,0,0,0,23,0,12,0,0,0,0,123,0,0,0,0,28,0,0,0,0,0,0,0,0,0,0,11,337,0,0,0,0,0,0,0,0,0,0,0,0,0,0,0,0,0,0,0
4.E.1,0,0,0,0,0,0,0,0,0,0,0,0,0,182,0,0,0,0,0,0,0,19,0,0,0,0,2,0,0,0,0,18,93,0,0,42,0,0,0,13,0,4,0,0,0,0,0,10,25,0,0,0,0,30,0,0,0,0,0,0,0,0,0,0,0,0,0,0,0,0,9,6,0,0,0,0,0,5973,0,172,0,0,0,0,0,0,0,0,0,0,0,0,6,0,61,0,0,0,0,0,0,0,0,0,0,0,0,0,0,23,0,0,174,174,0,0,0,0,0,27,0,0,0,0,0,0,0,0,0,0,35,0,0,12,0,0,0,0,0,0,9,0,10,0,0,0,0,50,0,0,0,0,0,0,0,0,0,0,0,0,0,0,0,11,0,0,76,0,0,13,9,12,0,0,53,0,0,0,0,9,0,0,32,51,0,0,35,0,0,0,0,0,0,3,0,8,0,0,0,0,0,0,0,0,0,0,0,9,0,0,141,169,0,25,3,0,7,0,2,5,4,0,0,0,0,0,0,0,0,13,0,0,0,0,0,0,0,0,0,0,0,65,22,0,69,0,0,0,0,0,23,0,7,36,0,0,0,0,0,0,0,0,0,0,18,0,0,0,0,0,0,0,0,0,0,0,0,10,7,0,0,144,0,0,0,0,0,0,0,0,0,0,0,0,4,0,0,0,0,0,0,0,0,0,0,0,0,0,129,0,0,0,0,0,0,0,0,4,0,0,0,0,0,0,0,7,0,0,10,0,0,0,0,0,0,100,0,139,0,0,0,0,0,5,0,0,0,5,68,5,0,0,0,3,0,0,0,0,63,11,0,0,0,31,0,0,4,0,0,0,0,7,0,0,0,0,0,0,0,0,0,0,2,0,0,19,0,0,0,0,0,0,0,0,5,0,0,0,0,0,0,4,0,0,0,9,0,0,257,0,0,0,0,48,0,2,0,0,0,0,0,485,0,0,0,0,0,0,0,0,0,9,0,30,0,3,151,0,0,0,0,2,0,0,0,0,0,0,0,0,7,0,0,0,0,0,211,0,7,0,0,0,0,0,0,0,0,0,15,0,0,0,0,0,3,0,0,0,0,0,0,0,0,0,0,0,0,0,0,0,0,0,0,0,0,0,0,0,0,0,39,0,0,0,0,0,0,0,33,0,0,0,0,0,0,4,0,0,14,0,0,93,0,0,0,0,8,0,0,0,18,0,0,8,0,0,0,0,0,2,0,0,4,0,0,0,0,0,0,0,58,0,0,0,0,0,0,0,0,0,0,0,6,0,0,18,0,0,0,0,0,0,0,0,0,0,0,147,4,0,10,0,0,0,0,0,0,0,0,0,0,0,0,8,165,0,0,0,0,0,2,0,0,0,2,0,0,0,0,0,0,0,0,0
4.E.2,0,0,0,0,0,0,0,0,0,0,0,0,0,50,0,0,0,0,0,0,0,4,0,0,0,0,0,0,0,0,0,5,16,0,0,9,0,0,0,10,0,4,0,0,0,0,0,0,0,0,0,0,0,52,0,0,0,0,0,0,0,0,0,0,0,0,0,0,0,0,0,0,0,0,0,0,0,187,0,0,0,0,0,0,0,0,0,0,0,0,0,0,0,0,47,0,0,0,0,0,0,0,0,0,0,0,0,0,0,7,0,0,47,0,0,0,0,0,0,0,0,0,0,0,0,0,0,0,0,0,0,0,0,0,0,0,0,0,0,0,2,0,0,0,0,0,0,9,0,0,0,0,0,0,0,0,0,0,0,0,0,0,0,0,0,0,16,0,0,0,0,0,0,0,25,0,14,0,0,0,0,0,10,19,0,0,41,0,0,0,0,0,0,0,0,0,0,0,0,0,0,0,0,0,0,0,0,7,0,0,111,51,0,15,0,0,0,0,0,0,0,0,0,0,0,8,0,0,0,3,0,0,0,0,0,0,0,0,0,0,0,0,4,0,30,0,0,0,0,0,6,0,0,5,0,0,0,0,0,0,0,0,0,0,2,0,0,0,0,0,0,0,0,0,0,0,0,0,0,0,0,0,0,0,0,0,0,0,0,0,2,0,0,0,0,0,0,0,0,0,0,0,0,0,0,0,0,0,20,0,0,0,14,0,0,0,0,0,0,0,0,0,0,0,0,0,0,0,8,0,0,0,0,0,0,18,0,20,0,0,0,0,0,0,0,0,0,5,19,0,0,0,0,0,0,0,0,0,17,10,0,0,0,0,0,0,0,0,0,0,0,0,0,0,0,0,0,0,0,0,0,0,0,0,0,0,0,0,0,0,0,0,0,0,0,0,0,0,0,0,0,0,0,0,0,0,0,0,0,0,0,0,7,10,0,0,0,0,0,0,0,109,0,0,0,0,0,0,0,0,0,0,0,3,0,3,100,0,0,4,0,0,0,0,0,0,0,0,0,0,0,0,0,0,0,0,31,0,0,0,0,0,0,0,0,0,0,0,15,0,0,0,0,0,0,0,0,0,0,0,0,0,0,0,0,0,0,0,0,0,0,0,0,0,0,0,0,0,0,0,68,0,0,0,0,0,0,0,16,0,0,0,0,0,0,0,0,0,0,0,0,9,0,0,0,0,0,0,0,0,0,0,0,6,0,0,0,0,0,0,0,0,0,0,0,0,0,0,0,0,26,0,0,0,0,0,0,0,0,0,0,0,0,0,0,0,0,0,0,0,0,0,0,0,0,0,0,10,0,0,0,0,0,0,0,0,0,0,0,0,0,0,0,3,37,0,0,0,0,0,0,0,0,0,0,0,0,0,0,0,0,0,0,0
4.E.3,0,0,0,0,0,0,0,0,0,0,0,4,20,98,0,0,0,0,0,0,0,0,224,0,0,0,0,0,0,0,4,11,46,2,0,37,0,9,0,0,0,11,2,8,0,0,0,0,4,0,0,0,0,48,15,0,20,0,6,0,0,0,0,3,0,0,11,0,0,0,0,0,0,0,0,0,0,0,0,0,0,0,0,0,0,0,0,0,0,1717,155,0,0,5,51,4,0,0,0,0,0,0,0,0,0,0,0,0,0,0,0,0,122,37,0,0,15,0,0,0,0,0,0,0,0,0,0,0,0,0,0,0,0,4,0,0,0,0,366,0,9,0,0,12,0,0,6,15,0,0,16,3,2,245,0,0,0,0,0,0,0,0,0,0,5,0,41,0,20,19,9,0,0,0,32,0,28,0,0,0,0,0,68,37,0,0,16,0,0,0,0,0,0,0,0,0,0,0,0,0,0,0,0,0,0,0,0,21,0,0,42,133,0,0,0,0,0,0,0,0,7,0,0,0,0,31,0,0,0,0,0,0,0,0,0,0,0,0,0,0,0,18,34,0,186,4,26,0,15,0,11,0,0,0,0,0,0,0,13,0,0,0,0,0,10,0,0,0,0,0,0,0,0,11,0,0,0,0,0,0,0,0,0,0,0,0,0,0,0,0,0,0,0,0,0,0,0,0,0,0,0,0,0,0,0,0,0,0,247,0,0,0,16,0,2,0,0,0,0,10,0,0,0,0,5,0,0,0,5,0,0,0,0,0,0,56,0,157,0,0,0,6,0,0,0,0,0,0,19,0,0,0,0,0,26,0,0,0,59,3,0,0,0,0,0,0,26,0,0,0,0,0,0,0,0,0,0,0,0,0,0,0,0,0,0,34,0,0,5,0,0,0,6,0,0,0,0,0,0,0,2,7,0,0,0,89,0,0,41,0,0,0,0,52,0,0,0,0,0,0,0,219,0,5,0,0,24,0,0,12,0,0,0,0,0,4,160,0,0,0,0,0,0,0,0,0,0,0,0,0,0,0,3,0,0,0,0,0,0,6,0,0,0,0,0,0,0,54,48,0,36,0,0,3,0,0,0,11,31,0,0,0,0,0,0,0,0,0,0,0,0,0,0,0,0,0,0,0,0,0,47,0,0,0,0,0,0,0,0,0,0,0,0,0,0,0,0,10,7,0,0,9,0,2,0,0,0,0,0,0,9,0,0,0,0,0,0,0,0,0,0,0,0,54,0,0,0,0,0,0,22,0,0,0,0,0,0,0,0,0,0,0,0,0,0,11,0,0,0,0,0,9,0,0,0,0,0,73,0,0,0,0,0,328,0,0,0,0,0,0,0,0,0,3,126,0,0,10,0,0,0,0,0,0,6,0,0,4,0,0,0,0,0,0
4.F.1,0,0,0,0,0,0,0,0,5,0,0,0,0,72,0,0,115,0,0,0,0,0,0,0,0,0,0,0,0,0,0,0,57,0,0,88,0,0,0,0,0,0,0,0,0,0,0,0,3,0,0,9,0,25,0,0,0,0,0,0,0,9,0,0,0,0,0,0,0,0,0,0,0,0,0,3,0,0,0,0,0,0,0,0,0,0,10,0,5,1215,122,0,0,0,101,6,0,0,0,0,0,0,0,0,0,0,0,0,0,7,0,0,70,93,0,0,0,0,0,28,4,0,0,0,0,0,0,0,3,0,31,0,0,11,2,5,0,0,397,0,0,0,0,16,0,0,0,22,0,0,22,0,0,0,0,0,0,0,0,0,0,0,0,0,0,0,28,0,4,11,0,0,0,0,14,0,13,0,0,4,52,0,42,0,0,0,202,0,0,0,0,0,0,0,0,0,0,0,0,10,0,0,0,0,4,0,0,3,0,0,0,91,0,4,0,0,0,0,0,0,20,0,0,0,0,0,0,0,0,0,0,0,0,0,0,0,0,0,0,0,0,29,0,0,103,0,0,0,0,0,5,0,0,0,0,0,0,0,8,0,0,0,9,0,8,0,0,9,0,0,0,0,0,0,0,0,0,0,0,0,0,0,0,0,0,0,0,0,0,0,7,0,0,0,16,0,0,0,0,0,0,0,0,0,0,0,0,0,23,0,0,19,15,0,0,0,3,0,0,5,0,8,0,0,0,0,0,0,0,0,0,0,0,0,0,28,0,41,0,0,0,0,0,0,0,0,0,0,23,0,0,0,0,0,0,0,0,0,47,0,0,4,0,0,0,0,3,0,11,0,0,0,0,0,0,0,0,0,0,0,0,0,4,0,0,6,0,0,2,0,0,0,0,0,0,46,0,0,0,0,0,0,0,0,0,23,4,0,10,0,0,3,0,24,0,0,0,0,0,0,0,149,0,0,0,0,0,0,0,0,0,0,0,0,0,0,149,0,0,0,0,6,0,0,0,0,0,0,0,0,0,0,0,0,0,0,65,0,0,7,0,0,3,0,0,0,0,0,26,0,0,0,9,0,23,0,2,0,0,0,0,0,0,0,3,0,5,0,0,0,0,0,0,0,0,0,0,0,0,0,12,0,0,0,0,0,0,0,13,0,0,0,0,0,0,0,0,0,21,0,0,25,0,0,0,0,0,0,0,0,0,0,0,0,0,0,0,0,0,19,0,0,8,0,0,4,0,3,0,0,86,0,0,0,0,0,0,0,0,0,0,0,0,0,0,5,0,0,0,0,18,0,0,0,0,0,0,21,0,0,0,0,0,0,0,0,0,0,0,0,0,0,0,4,103,0,0,9,0,0,4,0,0,0,2,0,0,0,0,0,0,0,0,0
4.F.2,0,0,3,0,0,0,0,0,0,0,0,11,0,140,0,0,0,0,0,0,0,0,0,0,0,0,0,0,0,0,0,4,45,0,0,60,0,0,0,28,0,13,0,0,0,0,0,0,11,7,0,0,0,71,0,0,0,0,0,0,0,0,0,17,0,0,17,0,0,0,0,0,0,0,0,21,0,87,0,152,0,0,0,0,0,0,0,0,0,0,0,20,0,0,103,0,0,0,0,0,0,0,0,0,0,0,0,0,0,10,0,0,142,78,0,0,23,0,0,23,0,0,0,0,0,0,0,0,0,0,9,0,0,9,0,0,0,0,14,0,0,0,0,0,0,0,0,27,7,0,0,0,0,0,0,0,0,0,0,0,0,0,0,0,0,0,44,0,35,0,0,0,0,0,81,0,15,0,0,4,0,0,44,0,0,0,129,0,0,0,0,0,0,0,0,0,0,0,0,0,0,0,0,0,0,0,0,20,0,0,83,176,0,25,0,0,15,0,0,0,0,5,0,0,0,0,0,3,0,0,0,0,0,0,0,0,0,0,0,3,0,47,11,0,54,0,51,0,0,0,28,0,0,5,0,0,0,0,0,0,0,0,40,0,117,0,0,0,0,0,0,0,0,0,0,0,8,0,0,0,0,0,0,0,0,0,0,0,0,0,0,0,0,0,10,0,0,0,0,0,0,0,0,0,0,0,0,0,90,0,0,0,13,0,0,0,0,15,0,0,0,0,0,0,0,0,0,0,0,0,0,0,0,0,0,65,0,167,0,0,0,0,0,9,0,0,0,9,34,0,0,0,0,0,0,0,0,0,50,16,0,0,0,0,0,0,0,0,0,0,0,0,0,0,0,0,0,0,0,0,0,0,0,0,6,17,0,0,0,0,0,0,0,0,0,0,0,0,0,0,0,5,0,0,0,55,0,0,7,0,0,0,0,66,16,0,11,0,0,0,14,233,0,0,0,3,0,0,31,0,0,0,0,0,0,8,165,0,0,13,0,0,0,0,0,0,0,0,0,0,0,0,0,0,0,7,174,0,31,0,5,0,0,0,0,0,0,0,45,0,17,6,0,0,0,0,0,0,0,0,0,0,0,0,0,0,20,0,0,0,0,0,0,0,0,0,0,0,0,0,20,0,0,0,0,0,0,0,28,0,0,0,0,0,0,0,0,0,190,0,0,0,0,0,0,0,0,0,0,0,0,0,0,0,0,0,0,0,0,61,0,0,0,0,4,0,0,0,0,0,99,0,0,0,0,0,0,0,0,0,0,0,0,0,0,17,0,0,0,0,0,0,0,0,0,0,0,82,0,0,0,0,0,0,0,0,0,34,0,0,0,0,0,26,50,0,0,0,0,0,0,0,0,0,4,0,0,0,0,0,0,0,0,0
4.F.3,0,0,0,0,0,0,0,0,10,0,0,0,0,31,0,0,0,0,0,0,0,0,0,0,0,0,18,0,0,0,0,0,46,0,0,15,0,0,0,0,0,8,0,0,0,0,0,0,7,0,0,0,0,13,0,0,0,0,0,0,0,0,0,24,0,0,8,0,0,0,0,0,0,0,0,0,0,69,0,0,0,0,0,0,0,3,0,0,0,0,0,0,0,0,122,0,0,0,0,0,0,0,0,0,0,0,0,0,0,0,0,0,43,47,0,0,0,0,0,0,0,0,0,0,0,0,2,5,0,0,0,0,0,10,0,0,0,0,0,0,0,0,5,7,0,0,0,34,0,0,0,0,0,3,0,0,0,0,8,0,0,0,0,0,0,0,40,0,0,11,0,0,0,0,12,0,5,0,0,0,0,0,0,0,0,0,15,0,0,0,0,0,0,0,0,0,0,0,0,0,0,0,0,0,0,0,0,10,0,0,35,74,0,5,0,0,0,0,0,0,8,0,0,0,0,0,0,0,0,2,0,0,25,0,0,0,0,0,0,0,0,10,0,0,347,0,0,0,0,0,0,0,0,0,0,0,0,0,0,0,0,0,0,0,0,0,0,0,0,0,0,0,0,0,4,0,0,0,0,0,0,8,0,0,0,0,0,0,0,0,0,0,0,0,0,0,0,0,0,0,0,0,0,0,0,0,0,0,21,0,0,0,38,0,0,0,0,0,0,0,0,0,0,0,0,0,0,0,0,0,0,0,0,0,0,24,0,254,0,0,0,0,0,0,0,0,0,2,0,0,0,0,0,5,0,0,0,0,29,0,0,0,0,0,0,0,75,0,0,0,0,0,0,0,0,0,0,0,4,0,0,0,0,0,0,0,0,0,0,0,0,0,0,0,0,0,0,0,0,0,0,0,0,0,0,0,0,0,13,0,0,0,0,20,4,0,0,0,0,0,0,132,0,0,0,0,0,0,0,0,0,3,0,0,0,2,60,0,0,0,0,10,0,0,0,0,0,0,0,0,10,0,0,0,0,0,0,0,0,0,0,0,0,0,0,0,0,0,13,0,0,0,0,0,0,0,0,0,0,0,0,0,0,0,0,0,0,0,0,0,12,0,0,0,0,0,0,0,0,0,20,0,0,0,0,0,0,0,6,0,0,0,0,0,0,0,0,0,33,0,0,0,0,0,0,0,0,0,0,0,0,0,0,0,0,0,0,0,0,0,0,0,0,0,0,0,0,0,0,0,33,0,0,0,0,0,0,0,7,0,0,0,0,0,0,0,0,0,0,0,0,0,0,0,0,0,0,15,0,0,0,0,0,0,0,0,0,0,0,0,0,0,0,0,42,0,0,20,0,0,0,0,0,0,0,0,0,0,0,0,0,0,0,0
5.D.2,0,0,0,0,0,0,0,0,0,0,0,0,0,141,0,0,0,0,0,0,0,21,0,0,0,0,0,0,0,0,4,10,40,0,0,50,0,0,0,8,0,0,9,0,8,0,0,3,14,0,0,0,0,87,0,0,0,0,0,0,0,0,0,15,0,0,16,0,0,0,6,0,0,0,0,0,0,0,0,0,0,0,0,0,0,0,0,0,0,2177,336,0,5,0,47,0,0,0,0,0,0,0,0,0,0,0,0,0,21,10,0,0,236,175,0,0,0,0,0,5,0,0,0,0,0,0,0,0,10,8,62,0,0,29,0,0,0,0,795,0,3,0,0,0,0,8,0,47,0,0,20,0,0,1411,0,0,0,0,0,0,0,0,0,0,0,0,61,0,30,4,0,0,0,4,87,0,0,0,0,0,52,0,51,34,0,5,640,0,0,0,0,0,0,0,0,0,0,0,0,0,0,0,0,0,118,0,0,21,0,2,218,145,0,0,0,0,12,0,0,0,5,0,0,0,0,28,0,0,0,11,0,2,0,0,0,0,0,215,0,0,0,30,0,0,135,0,0,0,0,0,0,4,0,4,0,0,0,0,7,0,0,0,4,0,31,0,0,0,0,0,0,18,0,0,0,0,0,0,0,0,0,0,0,0,0,0,0,20,0,0,0,0,0,0,0,0,0,0,0,0,0,0,0,0,0,0,0,0,71,2,0,0,30,0,0,0,0,0,0,0,0,0,0,4,0,0,0,0,13,0,0,0,0,0,0,0,30,389,0,0,0,5,0,0,0,0,0,0,20,0,0,0,0,0,0,0,0,0,56,4,0,0,0,0,0,0,9,0,0,0,0,0,0,0,0,0,0,0,0,0,0,0,4,0,0,12,0,0,0,0,0,0,0,0,0,0,0,0,0,0,0,0,0,0,6,26,0,0,32,0,0,6,0,56,0,0,0,0,0,0,0,243,0,190,0,0,0,0,0,0,0,9,0,0,0,0,290,0,0,0,0,3,0,0,0,0,0,3,0,0,0,11,0,0,0,0,167,0,0,0,0,0,0,0,0,0,0,9,42,9,0,0,0,0,0,0,0,0,0,0,0,76,0,0,0,0,3,0,0,0,0,0,0,0,0,0,0,0,0,0,44,6,0,0,0,0,0,0,0,0,0,4,0,0,0,0,0,0,48,0,0,6,4,0,0,0,0,0,0,0,11,0,0,0,0,0,0,0,0,0,0,0,0,0,0,0,0,0,0,0,66,53,0,24,0,0,143,0,0,0,0,0,0,0,0,0,0,0,0,0,0,0,0,0,0,0,0,44,0,0,0,0,0,0,0,0,0,0,0,0,0,0,0,21,146,0,0,0,0,0,31,0,0,0,3,0,0,0,0,0,0,0,0,0
5.D.4,0,0,12,0,0,0,0,0,25,0,0,0,0,143,0,0,0,79,0,0,0,8,0,0,0,0,0,0,0,0,0,9,177,0,0,159,0,0,0,0,0,23,0,0,0,0,0,0,13,0,0,0,0,148,0,0,0,0,0,0,0,0,0,0,0,0,21,0,0,0,6,0,0,0,0,0,0,361,0,45,0,0,0,0,0,0,0,0,0,0,0,0,0,0,35,11,0,0,0,0,0,0,0,0,0,0,0,0,0,5,0,0,141,175,0,0,22,0,0,26,0,0,0,0,0,0,0,0,0,0,56,5,0,42,0,0,20,0,0,0,0,0,0,7,0,0,0,50,8,0,0,0,0,9,0,0,0,0,19,0,0,0,0,0,0,0,90,0,34,12,0,23,0,0,70,0,24,0,0,0,0,0,0,28,0,4,149,0,0,0,0,0,0,0,0,5,0,0,0,0,0,0,0,0,0,0,0,53,0,18,60,318,0,67,0,0,0,0,0,0,22,0,0,0,0,0,0,0,0,10,0,0,0,0,0,0,0,0,113,0,0,38,0,0,103,0,0,0,0,0,7,0,0,0,0,0,0,0,0,0,0,0,13,0,0,0,0,0,0,0,0,0,0,0,23,0,0,0,0,7,0,0,0,0,0,0,0,0,0,0,0,0,0,359,0,0,0,0,0,0,0,0,0,0,0,0,0,0,162,0,0,0,16,0,0,0,0,0,0,0,0,0,0,0,0,0,0,0,11,0,0,0,0,0,0,73,0,355,0,0,0,0,0,0,0,0,0,0,136,0,0,0,0,0,0,0,0,0,53,13,0,0,0,0,0,0,21,0,0,0,0,0,0,0,0,0,0,0,5,0,0,0,0,0,0,26,0,0,0,23,0,0,0,0,0,39,0,0,0,0,44,0,0,0,0,0,0,0,46,0,0,0,0,11,0,0,0,0,0,0,0,298,0,0,0,0,0,0,0,0,0,4,0,16,0,0,181,0,0,12,0,15,0,0,10,0,0,0,0,0,5,0,0,0,0,0,0,0,0,0,0,5,0,0,0,0,0,0,0,0,0,49,0,0,0,0,0,0,0,0,0,0,0,0,0,0,0,0,0,0,0,0,0,0,0,0,0,0,0,0,38,0,6,0,0,0,0,0,10,5,0,0,0,0,0,0,0,0,27,0,0,0,0,0,0,0,0,0,0,0,17,0,0,0,0,0,0,0,0,0,0,0,0,0,0,0,0,0,0,0,123,0,0,0,0,0,0,0,0,0,0,0,0,0,0,11,0,0,0,0,0,0,0,0,0,8,0,133,0,0,0,0,4,85,0,0,6,0,0,0,0,0,0,17,154,0,0,10,0,0,0,0,0,0,0,0,0,0,0,0,0,0,0,0
5.D.5,0,0,0,0,0,0,0,0,0,0,18,0,0,63,0,0,0,0,0,0,0,10,0,0,0,0,0,0,0,0,15,9,156,0,0,53,0,0,0,11,0,10,0,0,0,4,0,62,27,0,0,0,0,163,0,0,15,4,0,0,0,0,0,0,0,0,0,0,0,0,19,0,0,0,0,0,0,2978,0,110,0,0,0,0,0,0,0,0,0,0,0,9,0,15,30,0,0,0,0,0,0,0,0,0,0,0,0,0,14,4,0,9,144,85,0,0,29,0,0,21,0,0,0,0,0,0,0,0,0,4,42,6,0,0,0,0,0,0,0,0,0,0,0,23,0,0,0,11,0,0,0,0,5,0,0,0,0,0,0,0,0,10,0,0,0,0,0,0,26,11,0,0,0,0,51,0,0,0,0,61,0,0,38,5,0,0,98,0,0,0,0,8,0,0,0,0,0,0,0,0,0,0,0,0,0,0,0,10,0,6,113,217,0,0,0,0,8,0,0,0,10,6,0,0,0,148,0,0,0,0,0,0,0,0,0,0,0,895,0,0,0,21,14,34,623,0,0,0,0,0,37,0,0,33,0,0,0,0,0,0,0,0,6,7,10,0,0,0,0,0,0,0,0,0,0,0,0,0,0,0,0,4,0,0,0,0,0,0,6,0,0,0,0,0,0,0,0,0,0,0,0,0,0,0,0,0,0,0,131,0,0,0,50,0,0,0,0,0,0,0,0,0,0,0,0,59,0,0,6,0,0,0,0,0,0,76,0,281,0,0,0,21,0,0,0,0,0,0,27,0,0,0,0,0,0,0,0,0,89,0,0,0,0,0,0,0,6,0,0,0,0,0,0,0,0,0,0,0,0,0,0,0,0,0,0,10,0,0,0,0,0,0,0,10,0,7,0,0,0,0,0,0,0,0,0,70,0,0,55,0,0,0,0,13,0,0,6,0,0,0,0,196,0,0,0,0,0,0,0,0,0,16,0,0,0,0,241,0,0,0,0,0,0,0,9,0,0,0,0,0,0,0,0,0,0,0,0,0,3,10,0,0,6,0,0,0,0,0,53,0,0,0,0,0,0,0,0,0,0,0,0,0,0,0,0,0,0,0,0,0,0,0,0,0,0,0,0,0,0,0,39,0,0,0,0,0,0,0,0,0,0,0,0,0,0,0,0,0,65,0,0,0,0,0,0,0,0,0,0,0,10,0,0,0,0,0,0,0,0,7,0,0,0,0,0,0,0,0,0,0,85,0,0,8,3,12,0,0,0,0,0,0,0,0,0,0,0,0,0,16,0,0,0,0,0,0,0,46,0,0,0,0,0,0,0,0,0,0,0,0,0,0,0,0,238,0,0,0,0,0,0,0,0,0,5,0,0,0,0,0,0,11,0,0
5.E.3,0,0,0,0,0,0,0,0,7,0,0,0,0,230,6,0,0,0,0,0,0,8,0,2,0,0,0,0,0,0,4,13,233,0,0,101,0,0,0,6,0,0,0,0,0,0,0,0,26,0,0,0,0,31,0,0,14,0,0,0,0,0,0,20,0,0,18,0,0,0,4,0,0,0,0,0,0,2656,0,42,0,0,0,0,0,0,0,0,0,0,0,0,0,0,32,0,0,0,0,0,0,0,0,0,0,0,0,0,0,25,7,0,150,154,0,0,0,0,3,27,0,0,0,0,0,0,0,0,0,0,88,0,0,10,0,0,0,0,0,0,0,0,16,0,0,0,0,69,6,0,0,0,0,0,0,0,0,0,19,0,0,0,0,0,0,0,52,0,19,10,0,0,0,0,63,0,41,8,0,0,0,0,21,3,0,0,73,0,0,0,0,0,0,2,0,4,0,0,0,23,8,0,0,0,0,0,0,29,0,31,94,408,0,23,0,0,5,0,0,0,114,0,0,0,0,4,0,0,0,9,0,0,0,0,0,0,0,1704,0,0,0,31,0,0,326,0,0,0,0,0,22,0,0,20,0,0,0,0,0,0,0,0,0,37,13,0,0,0,0,0,0,0,0,0,0,0,0,0,0,0,0,37,0,0,0,0,0,0,0,0,0,0,0,0,0,0,0,0,0,0,350,0,0,0,0,0,0,0,241,0,0,0,0,0,0,0,0,0,0,0,0,0,0,0,0,0,0,9,0,0,6,0,0,0,0,85,0,134,0,7,0,0,0,7,0,0,16,19,8,0,0,0,0,0,0,0,0,0,109,8,0,0,0,4,0,0,16,8,0,0,0,0,0,0,0,0,0,0,0,17,0,10,0,0,0,31,0,0,0,27,0,0,0,0,0,0,0,0,0,0,0,13,0,0,0,86,0,0,143,0,0,25,0,26,21,0,0,0,0,0,0,295,0,0,0,0,0,0,0,0,0,11,0,0,0,0,375,4,0,5,0,10,0,0,0,0,0,0,4,0,0,0,0,0,0,0,271,0,0,0,3,0,0,0,0,0,0,36,5,0,11,10,0,0,0,0,0,0,0,0,0,0,0,0,0,0,11,0,0,0,0,0,0,0,0,0,0,0,0,0,21,0,0,0,0,0,0,0,13,9,0,0,0,0,0,0,0,0,57,0,0,12,0,0,0,0,0,0,0,0,13,0,0,0,0,0,0,0,0,15,0,0,0,0,0,0,0,0,0,0,104,0,0,0,0,0,0,0,0,0,0,0,0,6,0,0,0,0,0,5,0,0,0,0,0,3,0,85,0,0,0,0,0,15,0,0,0,0,11,0,0,0,0,21,180,0,0,19,0,0,0,0,0,34,9,0,0,0,0,0,0,5,0,0
5.E.4,0,0,0,0,0,4,0,0,0,0,0,0,0,59,0,0,3,0,0,0,0,0,0,0,0,0,0,0,0,0,4,7,125,0,0,30,0,0,0,6,0,6,0,0,0,0,0,0,10,0,0,0,0,38,0,0,10,0,0,2,0,0,0,0,0,0,19,0,0,0,5,0,0,0,0,6,0,16235,0,1339,0,0,0,0,0,0,0,0,0,0,0,0,0,9,27,4,0,0,0,0,0,0,0,0,0,0,0,0,0,0,0,0,159,0,0,0,0,0,0,8,0,0,0,0,0,13,0,4,0,0,24,4,0,14,0,0,0,0,0,0,0,0,22,0,0,0,0,7,0,0,0,0,0,0,0,0,0,0,0,0,0,0,0,0,0,0,0,0,3,15,0,3,0,0,49,0,16,0,0,33,0,0,23,0,0,5,38,0,0,0,0,0,3,0,0,16,8,0,0,11,0,0,0,0,0,0,0,18,0,0,99,182,0,11,0,0,0,0,0,0,11,0,0,0,2,86,3,0,0,13,0,0,0,0,0,0,0,0,0,0,7,64,0,0,131,0,37,0,0,0,18,0,13,0,0,0,0,0,0,0,0,0,0,2,5,0,0,0,0,0,0,0,0,0,11,0,0,0,0,0,0,6,0,0,0,0,0,0,0,0,0,0,0,0,13,0,0,0,0,0,0,4,0,0,0,0,0,0,94,0,0,0,17,0,0,0,0,0,0,0,0,0,0,0,0,102,0,0,0,0,0,0,0,0,0,44,0,587,0,0,0,0,0,0,0,0,0,0,0,0,0,0,0,0,0,0,0,0,40,17,6,0,0,0,0,0,8,0,0,0,0,0,0,0,0,0,0,0,0,0,0,0,0,0,0,14,0,0,0,0,0,28,0,0,3,24,0,0,0,0,0,0,0,0,0,83,0,0,0,0,0,0,0,16,0,0,0,0,0,0,0,159,0,0,0,0,0,0,0,0,0,5,0,0,0,8,95,0,5,0,0,4,0,0,0,0,0,0,0,0,0,0,2,0,0,0,123,0,0,0,3,0,0,0,0,0,0,0,15,0,5,0,0,0,0,0,0,0,0,0,0,0,0,0,0,0,6,0,0,0,0,0,0,0,0,0,5,0,0,0,19,3,0,0,0,5,0,0,6,0,0,0,0,0,0,0,0,0,16,0,0,0,0,0,0,0,0,0,0,0,0,0,0,0,0,0,0,0,0,0,0,0,0,0,0,0,0,0,0,0,49,0,0,0,0,0,0,0,0,0,0,0,0,0,6,0,0,0,0,0,0,0,0,0,5,0,0,54,0,0,0,0,0,0,0,0,0,0,0,0,0,0,0,5,128,0,0,13,7,0,0,0,0,0,4,0,0,0,0,0,0,0,0,0
5.E.5,0,0,0,0,0,0,0,0,0,0,0,9,0,146,0,0,0,0,0,0,0,0,2391,0,0,0,0,0,0,0,0,10,105,0,0,22,0,0,26,13,0,2,3,0,0,0,0,0,14,0,0,0,0,92,0,0,0,0,0,0,0,0,0,5,0,0,0,0,0,0,0,0,0,3,0,0,2,0,0,18,0,0,0,0,0,0,0,0,0,1852,126,11,0,0,32,14,0,0,0,0,0,0,0,0,0,0,0,0,0,9,0,0,166,67,0,0,4,0,0,8,0,0,0,0,0,5,0,16,19,0,72,0,8,7,0,0,0,0,317,0,15,0,13,14,0,0,0,60,0,0,0,0,0,623,0,0,0,0,0,0,0,0,0,11,0,0,30,0,11,5,0,0,0,0,187,0,38,0,0,30,14,3,27,8,0,0,0,0,0,0,0,0,0,0,0,4,0,0,0,9,0,0,0,0,0,0,0,12,0,0,57,392,0,39,0,0,0,2,0,0,30,0,0,0,0,19,0,0,0,74,0,0,0,0,0,0,0,0,0,0,0,42,0,0,405,0,46,0,0,0,7,0,0,0,0,0,0,0,0,0,0,0,11,0,35,0,0,0,0,0,0,0,0,0,0,0,0,0,0,0,0,40,0,0,0,6,0,0,0,0,12,0,0,0,0,3,0,0,0,0,0,0,0,0,0,0,0,0,138,0,0,0,0,0,0,0,0,0,0,0,0,0,0,0,0,0,0,2,0,0,0,2,0,0,0,74,0,828,0,0,0,0,0,0,0,0,9,0,0,0,0,0,0,0,0,0,0,0,47,11,0,0,0,0,0,0,0,0,0,0,0,0,0,0,0,0,0,0,0,0,0,0,0,0,0,30,0,3,0,0,0,0,0,0,0,0,0,0,0,0,0,0,0,0,0,8,0,0,28,0,0,0,0,256,0,0,0,0,0,0,0,179,0,48,0,0,219,0,0,0,0,7,0,38,0,0,115,0,0,0,0,5,30,3,5,0,0,0,0,0,0,0,3,0,0,0,309,0,0,0,0,0,0,0,0,0,0,0,21,0,5,0,0,0,0,0,0,0,5,0,0,0,0,3,0,0,0,0,0,0,0,0,0,0,0,0,4,0,0,0,61,0,0,0,0,0,0,0,6,8,0,0,0,0,0,0,0,40,45,0,0,14,0,0,0,0,0,0,0,9,16,0,0,0,0,0,0,0,0,0,0,0,0,0,13,0,0,0,0,0,216,0,0,0,0,0,21,0,0,0,0,0,0,7,0,0,0,19,0,0,0,0,0,0,0,0,0,43,0,0,0,0,0,0,0,0,0,0,3,0,0,0,0,2,94,0,0,27,0,0,0,0,3,0,0,0,0,0,0,0,0,0,0,0
5.F.1,0,0,0,5,0,0,0,0,7,0,0,0,0,246,0,0,0,0,0,0,0,8,0,0,0,0,0,0,0,0,4,18,206,0,0,71,0,0,0,0,0,11,4,0,0,0,0,17,84,0,0,0,0,51,0,0,0,0,0,0,0,0,0,12,0,0,0,0,0,0,3,0,0,0,0,0,65,0,0,230,0,0,0,0,0,0,0,0,0,4638,271,0,0,0,51,0,0,0,0,0,0,0,0,0,0,0,0,0,0,9,0,0,120,29,0,0,0,0,0,0,0,0,0,29,0,0,0,13,0,4,35,0,0,38,0,0,0,0,230,0,0,0,0,11,0,0,0,34,6,0,12,0,0,77,0,0,0,0,0,0,6,0,0,6,0,0,25,0,13,32,0,0,0,0,98,0,0,0,0,25,0,0,22,20,0,0,243,0,0,0,0,0,0,0,0,3,0,0,0,0,0,0,0,0,81,0,0,40,0,12,107,364,19,15,0,0,11,0,0,0,10,0,0,0,0,0,0,0,21,21,0,0,0,0,0,0,0,14,0,0,0,52,0,0,582,0,78,0,0,0,13,0,0,5,0,0,0,0,9,0,0,0,12,0,18,0,0,0,0,0,0,2,0,0,0,0,0,0,0,0,0,5,0,0,0,0,0,0,0,0,5,0,0,0,8,0,0,0,6,0,0,0,0,0,0,0,0,0,108,0,3,0,17,0,0,0,0,4,0,3,0,0,0,0,0,0,0,0,0,0,2,0,0,5,0,80,0,443,0,0,0,15,0,0,0,0,0,6,12,0,0,8,0,0,0,0,0,0,69,5,0,0,0,0,0,0,10,6,0,5,0,0,0,0,0,0,0,0,0,0,0,0,0,0,0,42,0,0,0,0,0,0,0,0,0,14,18,0,0,0,0,0,2,0,0,75,0,0,23,0,0,0,26,49,0,0,0,0,0,0,0,126,0,0,0,0,25,0,0,0,0,0,4,15,0,0,362,2,0,0,0,6,0,0,0,0,0,0,0,0,0,0,0,0,0,0,141,0,0,0,0,0,13,0,0,0,0,16,89,0,0,0,0,0,0,0,0,0,0,0,0,0,0,0,0,0,0,0,0,0,3,0,0,6,0,0,5,0,0,0,77,0,0,0,0,0,0,0,2,0,0,0,0,0,0,0,0,0,42,0,0,13,4,0,2,0,0,0,0,0,29,0,0,0,4,0,0,0,0,0,0,0,0,0,0,0,0,0,0,0,60,0,0,0,0,0,0,0,0,0,0,0,4,0,0,11,3,0,0,0,0,0,0,7,0,0,6,59,0,0,0,0,0,0,0,0,0,0,0,0,0,0,0,0,92,0,0,34,0,0,0,0,0,0,3,0,0,0,0,0,0,7,0,0
5.F.4,0,0,0,0,0,0,0,0,0,0,0,0,0,0,0,0,30,0,0,0,0,0,0,0,0,0,0,0,0,0,0,0,0,0,0,0,0,0,0,3,0,0,0,0,0,0,0,0,0,0,0,0,0,0,0,0,0,0,0,0,0,0,0,0,0,0,0,0,0,0,0,0,0,0,0,0,0,5893,0,10,0,0,0,0,0,0,0,0,0,0,0,0,0,0,0,8,0,0,0,0,0,0,0,0,0,0,0,0,0,0,0,0,0,0,0,0,0,0,0,0,0,0,0,0,0,0,0,0,0,0,0,0,0,0,0,0,0,0,0,0,0,0,0,0,0,0,0,9,0,0,0,0,0,0,0,0,0,0,0,0,0,0,0,0,0,0,50,0,0,0,0,0,0,0,0,0,0,0,0,6,0,0,0,0,0,0,54,0,0,0,0,0,0,0,0,0,0,0,0,0,0,0,0,0,0,0,0,0,0,0,0,0,0,0,0,0,0,0,0,0,0,0,0,0,0,0,0,0,0,0,0,0,0,0,0,0,0,0,0,0,0,0,0,0,13,0,0,0,0,0,0,0,0,0,0,0,0,0,0,0,0,0,0,0,0,0,0,0,0,0,0,0,0,0,0,0,0,0,0,0,0,0,0,0,0,0,0,0,0,0,0,0,0,0,0,0,0,0,0,0,0,0,0,0,0,0,0,0,0,0,0,0,0,0,0,0,0,0,0,0,0,0,0,0,0,0,0,0,0,0,0,0,0,0,0,0,0,0,0,0,0,0,0,0,0,0,0,0,0,0,0,0,0,0,0,0,0,0,6,0,0,0,0,0,0,0,0,0,0,0,0,0,0,0,0,0,0,0,0,0,0,0,0,0,0,0,0,0,0,0,0,0,0,0,0,0,0,0,0,0,0,0,0,0,0,40,0,0,0,0,0,7,0,14,0,0,0,0,0,0,0,20,0,0,0,0,0,0,0,0,0,0,0,0,0,0,21,0,0,0,0,5,0,0,0,0,0,0,0,0,0,0,0,0,0,0,0,0,0,0,0,0,0,0,0,0,0,0,0,0,0,0,0,0,0,0,0,0,0,0,0,0,0,0,0,0,0,0,0,0,0,0,0,0,0,0,0,0,0,0,4,0,0,0,0,0,0,0,0,0,0,0,0,0,0,0,0,0,12,0,0,0,0,0,0,0,0,0,0,0,0,0,0,0,0,0,0,0,0,0,0,0,0,0,4,0,0,0,0,0,0,0,0,0,0,0,0,0,0,0,0,0,0,0,0,0,0,0,0,0,0,0,0,0,0,0,0,0,0,0,0,0,0,0,0,0,0,0,0,0,0,0,0,0,0,0,0,0,0,0,0,0,0,0,0,0,0,0,0,0,0,0,0,0
5.F.5,0,0,0,0,0,0,0,0,21,0,0,0,0,530,0,0,0,0,0,0,0,0,268,0,0,0,0,0,0,0,17,19,161,0,0,43,0,0,0,0,0,18,0,0,0,0,0,0,9,0,0,0,0,59,0,0,0,0,0,0,0,0,0,0,0,0,28,0,0,0,0,0,0,0,0,0,0,447,0,5,0,0,0,0,0,0,0,0,0,0,0,0,0,0,66,0,0,0,0,0,0,0,0,0,0,0,0,0,0,11,8,3,149,151,0,0,0,0,0,21,0,0,0,0,0,0,0,0,0,0,61,0,0,0,0,0,0,0,12,0,0,0,0,0,0,0,0,33,0,0,0,0,33,26,0,0,0,0,24,0,0,0,0,0,0,0,40,0,31,26,0,15,0,0,66,0,9,0,9,134,0,0,21,52,0,8,142,0,0,0,0,0,0,0,0,0,0,0,0,0,6,0,0,0,0,0,0,16,0,0,37,303,0,44,0,0,0,0,0,0,33,0,0,0,0,0,0,0,0,27,0,0,0,0,0,0,0,205,0,0,0,53,9,0,83,0,36,0,0,0,11,0,5,0,0,0,0,0,0,0,0,0,0,0,10,0,0,0,0,0,0,0,0,0,4,2,0,0,0,0,0,28,0,0,0,0,0,0,0,0,115,0,0,0,19,0,0,0,0,0,0,0,0,0,3,0,0,0,122,0,0,0,0,0,0,0,0,0,0,0,0,0,0,0,0,9,0,0,0,0,0,0,0,0,0,112,0,211,0,0,0,0,0,0,0,0,12,0,23,0,0,3,0,4,0,0,0,0,47,0,0,0,0,0,0,0,29,0,0,0,0,0,0,0,0,0,0,0,0,0,0,0,0,0,0,16,0,0,0,0,0,0,0,0,0,66,0,0,0,0,0,0,0,0,0,56,0,0,41,0,0,0,0,95,45,12,0,0,0,0,0,177,0,0,0,0,392,0,0,0,0,4,0,18,0,2,161,0,0,0,0,7,0,0,0,0,0,0,0,0,0,0,0,0,0,0,220,0,0,0,0,0,0,0,0,0,0,0,7,0,0,0,0,0,0,0,0,0,0,0,0,0,0,0,2,0,4,0,0,0,0,0,0,0,0,0,0,0,9,0,93,0,0,0,0,0,0,0,16,0,0,0,0,0,0,0,0,0,19,0,11,4,10,0,0,0,0,0,0,0,29,0,0,0,0,0,0,17,0,15,0,0,0,0,0,0,0,0,0,0,29,0,0,0,0,0,0,0,13,0,0,0,0,0,0,0,0,0,0,0,0,0,0,10,4,0,0,86,0,0,0,0,0,0,0,0,0,0,0,0,0,0,0,21,133,0,0,22,0,0,0,0,0,0,18,0,0,0,0,0,0,0,0,0
6.D.1,0,0,0,0,0,0,0,0,0,0,0,0,0,49,0,0,0,0,0,0,0,4,459,0,0,0,0,0,0,0,0,15,71,0,0,33,0,0,0,0,0,6,0,0,0,0,0,26,8,0,0,0,0,36,0,0,0,0,0,0,0,0,0,8,0,0,9,0,3,0,0,0,0,0,0,0,0,21,0,55,0,0,0,0,0,0,0,0,0,2484,155,3,0,0,24,6,0,0,0,0,0,0,0,0,0,0,0,0,0,7,0,0,174,0,0,0,3,0,0,15,0,0,0,0,0,0,0,0,0,0,23,0,0,0,0,0,0,0,350,0,17,0,0,0,0,0,0,20,0,0,0,0,8,136,0,0,0,0,0,0,0,0,0,18,0,0,46,0,17,12,0,0,0,0,72,0,43,0,0,20,0,0,18,5,0,4,317,0,3,0,0,0,0,0,0,0,0,0,0,0,0,0,0,0,50,0,0,11,0,0,65,152,14,0,0,0,0,9,0,0,0,0,0,0,0,133,0,0,0,5,0,0,0,0,0,0,0,26,0,0,0,12,0,0,187,0,37,0,0,0,8,0,0,0,0,0,0,0,0,0,0,0,0,0,2,0,0,0,0,0,0,0,0,0,0,0,0,4,0,0,0,0,0,0,0,0,0,0,0,0,0,0,0,94,6,0,0,0,0,0,0,0,0,0,0,0,0,0,167,0,0,0,0,0,0,0,0,0,0,0,0,0,0,5,0,0,0,0,0,0,0,0,0,0,0,41,0,100,0,0,0,8,0,0,0,0,0,3,42,0,0,0,0,0,10,0,0,0,54,0,0,0,0,0,0,0,18,0,0,0,0,0,0,0,0,0,8,0,0,0,0,0,0,0,0,0,0,0,0,0,0,0,0,0,0,0,0,0,0,0,0,0,0,0,0,165,0,0,10,0,0,0,0,26,0,0,0,0,0,0,0,191,0,0,0,0,0,0,0,0,0,2,0,13,0,2,116,0,0,0,0,0,2,0,12,0,0,0,0,0,0,0,0,0,0,0,109,0,0,0,0,0,0,0,0,0,0,6,10,0,6,7,0,0,4,0,0,0,0,0,0,0,0,0,0,0,0,0,3,0,0,0,0,0,0,0,0,0,0,0,17,0,0,0,0,0,0,0,9,15,0,0,0,0,0,3,0,0,54,0,0,0,2,0,0,0,0,0,0,0,0,0,0,0,0,0,0,0,0,0,0,3,0,0,0,0,0,0,0,0,54,0,0,0,0,0,0,0,0,0,0,0,0,0,0,0,0,0,0,0,0,0,0,0,0,0,0,36,0,0,0,9,0,0,0,0,0,0,0,0,0,0,0,15,65,0,0,11,0,0,0,0,0,0,3,0,0,0,0,0,0,0,0,0
6.D.2,0,0,0,0,0,0,0,0,0,0,0,0,0,138,0,0,0,0,0,0,0,4,49,0,0,0,0,0,0,0,16,10,170,0,0,71,0,0,0,0,0,7,0,0,0,0,0,0,9,0,0,0,0,54,0,0,0,0,0,0,0,0,0,8,0,0,40,0,0,0,12,0,0,0,0,0,0,327,0,35,5,0,0,0,0,24,0,0,0,0,0,0,0,0,19,9,0,0,0,0,0,0,0,0,0,0,0,0,0,0,0,0,114,103,0,0,15,0,0,18,0,0,0,0,0,10,0,0,0,0,79,0,0,51,0,0,0,0,0,3,0,0,0,6,4,0,0,66,0,0,0,0,4,65,0,0,0,0,6,4,0,0,0,0,0,0,82,0,29,49,0,0,0,0,67,2,11,0,0,4,0,4,25,17,0,0,54,0,0,0,0,0,0,0,0,0,0,0,0,11,0,0,0,0,0,0,0,77,0,11,0,209,0,25,0,0,13,0,0,0,28,0,0,0,0,35,0,0,0,14,0,0,0,0,0,0,0,0,0,0,0,39,0,0,196,0,0,0,0,0,0,0,0,15,0,0,0,0,4,0,0,0,7,0,0,0,0,0,0,0,0,0,0,4,0,0,19,0,0,3,0,51,0,0,0,0,0,0,0,0,0,0,0,0,0,0,0,0,0,0,0,0,0,0,0,0,0,0,134,9,0,0,22,0,0,0,0,0,0,0,0,0,0,0,0,0,0,0,14,0,0,0,0,0,0,67,0,351,0,0,0,0,0,0,0,4,0,0,20,0,0,0,0,0,0,0,0,0,92,18,0,0,0,0,0,0,34,0,0,0,0,0,0,0,0,0,0,5,7,0,4,0,0,0,0,22,0,0,0,0,0,0,0,0,0,0,0,0,0,0,10,0,0,0,0,25,0,0,29,0,0,0,0,30,0,0,0,0,0,0,0,471,0,0,0,0,42,0,0,0,0,17,0,0,0,0,204,0,0,0,0,0,9,4,0,0,0,0,0,0,0,0,0,0,0,0,152,0,4,0,0,0,0,4,0,3,0,9,14,0,0,0,0,0,0,0,0,0,0,0,0,0,0,0,0,0,0,0,0,0,0,5,0,0,0,0,0,0,0,0,24,0,0,0,0,0,0,0,0,11,0,0,0,0,0,0,0,0,54,0,0,4,0,0,0,0,0,0,0,0,0,0,0,12,12,0,0,0,0,17,0,0,0,0,0,0,0,0,0,0,176,0,0,0,0,0,0,0,20,0,0,0,0,0,0,0,0,0,39,0,0,0,0,0,0,0,0,142,0,0,0,0,0,13,0,0,0,0,0,0,0,0,0,11,243,0,0,9,0,0,0,0,0,0,0,0,0,0,0,7,0,0,0,0
6.D.3,0,0,0,0,0,0,0,0,0,0,0,7,0,146,0,0,0,0,0,0,0,0,84,0,0,0,0,0,0,0,0,0,63,0,0,15,0,0,0,0,0,18,0,0,0,0,0,5,7,0,0,0,0,28,4,0,0,0,0,0,0,0,0,3,0,0,7,0,0,0,3,0,0,0,0,0,0,339,0,117,0,0,0,0,0,0,0,0,0,0,0,8,0,0,0,0,0,0,0,0,0,0,0,0,0,0,0,0,0,0,4,0,107,97,0,0,21,0,0,10,0,0,0,0,0,0,0,13,0,7,0,0,0,48,0,0,0,0,0,0,0,0,0,0,0,0,0,22,0,0,0,0,0,0,0,0,0,0,30,0,0,8,0,0,0,0,46,0,14,6,0,0,0,0,32,0,18,0,0,13,0,0,13,0,0,0,101,0,0,0,0,0,0,0,0,27,0,0,0,0,0,0,0,0,0,0,0,8,0,5,80,168,12,8,0,0,0,5,0,0,7,0,0,0,0,48,0,0,0,0,0,0,0,0,0,0,0,0,0,0,0,29,0,0,294,0,29,0,0,0,3,0,0,0,0,0,0,0,0,0,0,0,6,0,14,0,0,0,0,0,0,0,4,0,4,0,0,0,0,0,0,142,0,0,0,0,0,0,0,0,0,0,0,0,0,0,0,9,22,0,0,0,0,0,0,0,0,7,47,0,0,0,22,3,0,0,0,2,0,0,0,0,0,0,0,62,0,0,4,0,0,0,0,0,0,26,0,233,0,0,0,0,0,0,0,0,0,0,38,0,0,0,0,0,0,0,0,0,47,4,0,0,0,0,0,0,6,0,0,0,0,3,0,0,0,0,0,0,0,0,0,0,4,0,0,10,0,0,9,0,0,0,0,0,0,0,0,0,0,0,0,7,0,0,0,0,0,0,60,0,0,0,0,28,0,0,0,0,0,5,0,182,0,0,0,0,0,76,0,0,0,4,0,0,0,0,94,0,0,0,0,0,0,0,0,0,0,0,0,0,0,0,0,0,0,0,143,0,0,0,0,0,0,0,0,0,0,12,46,0,0,0,0,0,0,0,0,0,0,0,0,0,0,0,0,0,0,0,0,5,0,0,0,0,0,0,0,0,0,0,47,0,0,0,0,4,0,0,0,0,0,0,0,9,0,0,0,0,64,0,19,19,0,0,0,0,0,0,0,0,0,8,0,0,0,0,0,0,0,2,0,0,0,0,0,0,0,0,0,0,35,0,0,0,0,0,0,0,0,0,0,0,0,0,85,0,0,0,0,0,0,0,0,0,0,0,0,64,0,0,0,0,0,0,0,0,0,0,0,5,0,0,0,8,103,0,0,8,0,0,0,0,12,0,0,0,0,0,0,0,0,0,0,0
6.E.1,0,0,0,0,0,0,0,8,0,0,0,0,0,154,0,0,14,0,0,0,0,0,0,0,0,0,0,0,0,0,0,0,102,0,2,24,0,0,0,14,0,0,0,0,0,0,0,11,0,0,0,0,0,106,0,0,0,0,0,0,0,0,0,0,0,0,0,0,0,0,0,0,0,0,0,0,0,4190,0,3,7,0,0,0,0,0,0,0,0,0,0,0,0,0,23,0,0,0,0,0,0,0,0,0,0,0,0,0,16,16,0,0,175,0,0,0,7,0,0,42,8,0,0,0,0,0,0,0,0,0,69,0,7,61,0,0,0,0,0,0,3,0,0,0,0,0,0,26,0,0,0,0,0,0,0,0,0,0,0,0,0,0,6,0,0,0,130,0,31,0,0,14,0,0,72,0,42,0,0,33,0,0,6,0,0,0,46,0,0,0,0,15,0,0,0,0,0,0,0,0,0,0,0,0,0,0,0,38,9,21,198,321,0,41,0,0,0,8,0,0,65,0,0,0,0,0,0,0,0,6,0,0,0,0,0,0,0,0,0,0,0,45,0,0,410,0,12,0,0,0,18,0,0,11,0,0,0,0,0,0,0,0,4,0,0,0,0,0,0,0,0,0,0,0,0,0,0,0,0,0,0,287,0,0,0,0,0,0,0,0,0,0,0,0,0,0,0,0,0,0,0,0,0,0,0,0,0,0,121,0,0,0,21,9,0,10,0,0,0,0,0,0,0,0,0,0,0,0,15,0,0,0,0,0,6,106,0,249,0,0,0,0,0,0,0,0,0,6,29,0,0,25,0,0,0,0,0,0,198,0,0,0,0,0,0,0,27,0,0,0,0,0,0,0,0,0,0,0,0,0,0,0,14,0,0,32,0,0,0,0,0,0,0,0,0,0,0,0,0,0,0,0,0,0,0,0,0,0,23,0,0,0,0,21,0,0,0,0,0,0,0,180,0,0,0,0,0,0,0,0,0,6,0,0,0,0,141,0,0,0,0,23,0,0,0,0,0,0,0,0,0,0,18,0,0,0,256,0,0,0,0,0,0,0,0,0,0,0,7,0,16,0,0,0,0,0,0,0,0,0,0,0,0,0,0,0,0,0,0,0,0,0,0,0,0,0,12,0,0,0,39,0,0,0,0,0,0,0,5,18,0,0,0,0,0,0,0,0,57,0,0,0,0,0,0,0,0,0,0,0,0,0,0,0,8,105,0,19,0,0,0,0,0,0,0,0,0,0,0,0,66,0,0,0,0,0,0,0,0,0,0,0,0,0,0,0,0,0,0,0,0,0,0,0,0,0,0,108,0,0,0,0,0,0,0,0,0,0,18,0,0,0,0,8,215,0,0,0,0,0,0,0,0,0,11,0,0,0,0,0,0,0,0,0
6.E.2,0,0,0,0,0,0,0,0,0,0,0,0,0,94,0,0,0,14,9,0,0,0,0,0,0,0,0,0,0,0,0,12,28,0,0,16,0,0,0,0,0,0,4,0,0,0,0,0,0,0,5,0,0,39,0,0,0,0,0,0,0,0,0,0,0,0,0,0,0,0,0,0,0,0,0,0,0,174,0,0,0,0,0,0,0,0,0,0,0,0,0,0,0,0,3,0,0,0,0,0,0,0,0,0,0,0,0,0,0,0,0,0,126,39,0,0,0,0,0,31,0,0,0,0,0,0,0,0,0,0,80,0,0,22,0,0,0,0,0,0,18,0,0,0,0,0,0,13,0,0,0,0,0,0,0,0,0,0,0,0,0,0,0,0,0,0,16,0,18,0,0,0,0,0,56,0,16,0,0,13,0,0,0,0,0,0,23,0,0,0,0,0,0,0,0,0,0,0,0,0,0,0,0,0,0,0,0,0,0,0,108,38,0,14,0,0,0,0,0,0,0,8,0,0,0,0,0,0,0,11,0,0,0,0,0,0,0,0,0,0,0,7,0,0,129,0,0,0,0,0,0,0,0,0,0,0,0,0,0,0,0,0,0,0,0,0,0,0,0,0,0,0,0,0,0,0,0,0,0,0,0,10,0,0,0,0,0,0,0,0,0,0,0,0,4,0,0,0,0,0,0,0,0,0,0,0,0,0,44,0,0,0,0,0,0,0,0,0,0,0,0,0,0,0,0,0,0,0,0,0,0,0,0,0,0,0,0,655,0,0,0,0,0,0,0,0,0,0,34,0,0,0,0,0,0,0,0,0,12,0,0,0,0,0,0,0,6,0,0,0,0,0,0,0,0,0,0,0,0,0,0,0,0,0,0,11,0,0,0,0,0,0,0,0,8,0,0,0,0,0,0,0,0,0,0,111,0,0,0,0,0,0,0,8,0,0,0,0,0,0,0,64,0,0,0,0,0,0,0,0,0,2,0,11,0,0,99,0,0,11,0,0,0,0,0,0,0,0,0,0,0,0,0,0,0,0,0,0,0,0,0,0,0,0,0,0,0,0,0,0,0,62,0,0,0,0,0,0,0,0,0,0,0,0,0,0,0,0,0,0,0,0,0,0,0,0,0,0,0,0,0,0,0,0,0,0,0,0,10,0,0,0,0,0,0,0,0,0,0,0,0,0,0,0,0,4,0,0,0,0,0,0,0,0,0,0,0,0,0,3,0,0,3,0,0,0,0,0,0,0,10,0,0,0,0,0,0,0,0,0,0,0,0,0,0,13,0,0,0,0,0,0,0,0,0,0,0,35,4,0,0,0,7,0,0,0,0,0,0,0,0,0,0,10,43,0,0,20,0,0,0,0,0,0,0,0,0,0,0,0,0,0,0,0
6.E.3,0,0,0,0,0,0,0,0,0,0,0,0,0,75,0,0,0,0,0,0,0,2,188,0,0,0,0,0,0,0,0,0,30,0,0,44,0,0,0,2,0,3,0,0,0,0,0,5,5,0,0,0,0,37,0,0,0,0,0,0,0,0,0,9,0,0,14,0,0,0,0,0,0,0,0,0,0,109,0,53,0,0,0,0,0,0,0,0,0,1484,75,7,5,0,0,0,0,0,0,0,0,0,0,0,0,0,0,0,0,0,0,0,78,31,0,0,10,0,0,12,0,0,0,0,0,13,0,0,9,0,0,0,0,43,0,0,6,0,192,0,59,0,17,6,0,0,0,31,0,0,0,0,6,77,0,0,0,14,0,0,0,0,0,0,0,0,15,0,4,0,0,0,0,0,50,0,0,0,0,0,25,0,5,0,0,0,0,0,0,16,0,0,0,0,0,0,0,0,0,0,0,0,0,0,0,0,0,97,3,0,0,158,0,8,0,0,15,0,0,0,119,0,0,0,0,0,0,0,0,40,0,0,0,0,0,0,0,0,0,0,0,27,0,0,46,0,0,0,0,0,0,0,0,0,0,0,0,12,0,0,0,0,0,0,0,0,0,0,0,0,0,0,0,0,0,0,0,0,0,3,0,0,0,0,0,0,0,0,0,0,32,0,0,0,0,0,0,0,0,0,0,0,0,0,0,0,0,0,29,0,0,0,20,0,0,0,0,3,0,0,0,0,0,0,0,0,0,0,0,0,0,0,0,0,0,0,39,56,0,0,0,0,25,0,0,0,0,0,0,0,0,0,0,3,0,0,0,0,82,7,0,0,0,0,0,0,9,0,0,0,0,0,0,0,0,10,0,0,0,5,0,0,8,0,0,10,0,0,0,0,0,0,0,0,0,0,0,0,0,0,0,0,0,0,0,650,0,0,34,0,0,22,0,128,0,6,0,0,0,16,0,121,0,0,0,0,0,0,0,0,0,27,0,4,0,0,164,0,0,0,0,4,0,0,0,0,0,0,0,3,0,0,0,0,0,0,35,0,0,0,0,0,0,0,0,0,0,9,16,0,0,0,0,0,3,0,0,0,0,0,0,0,0,0,0,0,0,0,0,5,0,0,0,0,0,0,0,0,0,0,0,0,0,0,0,0,0,0,11,0,0,0,0,0,0,0,0,370,0,0,0,0,4,0,0,0,0,0,0,0,10,0,0,0,0,0,0,0,15,12,0,0,0,0,0,0,9,0,0,0,13,0,0,0,0,0,18,0,0,0,0,0,0,0,0,0,0,0,0,5,0,0,0,0,0,0,0,32,0,0,0,0,0,0,12,0,0,0,0,0,0,0,0,11,65,0,0,6,0,0,0,0,0,0,0,0,0,0,0,0,0,0,0,0
6.F.1,0,0,0,0,0,0,0,0,0,0,0,0,0,44,0,0,0,0,0,0,0,0,26,0,0,0,0,0,0,0,0,5,41,0,0,0,0,0,0,0,0,4,0,0,0,0,0,0,9,0,0,0,0,26,0,0,0,0,0,0,0,0,0,0,0,0,14,0,0,0,0,0,0,0,0,0,192,0,0,212,0,0,0,0,0,0,0,0,0,640,0,0,0,0,0,16,0,0,0,0,0,0,0,0,0,0,0,0,0,10,0,0,48,0,0,0,0,0,0,18,0,0,0,0,0,0,0,3,0,0,10,0,0,0,0,0,0,0,62,0,0,0,13,0,0,0,0,0,0,0,0,0,2,42,0,0,0,0,0,0,0,0,0,0,0,2,48,0,2,18,0,0,0,0,11,0,5,0,0,4,0,0,11,0,0,0,97,0,0,0,0,0,0,0,0,37,0,0,0,0,0,0,0,0,0,0,0,27,0,8,92,113,0,9,0,0,0,0,0,0,0,0,0,0,0,0,0,0,0,0,0,0,0,0,0,0,0,21,0,0,0,0,4,0,66,0,0,0,0,0,0,0,0,10,0,0,0,0,0,0,0,0,0,0,0,0,0,0,0,0,0,0,0,0,0,0,19,0,0,0,0,10,0,0,0,0,0,0,0,0,0,0,0,0,21,0,0,0,7,0,0,0,0,0,0,0,0,0,48,0,0,0,0,0,0,0,0,0,0,0,0,0,0,0,0,0,0,0,0,0,0,0,0,0,0,41,0,19,0,0,0,0,0,0,0,0,0,6,13,0,0,0,0,0,0,0,0,0,16,6,0,0,0,0,0,0,0,0,0,0,0,0,0,0,0,0,0,0,0,0,0,0,0,0,0,8,0,0,0,0,0,0,0,0,0,0,0,0,0,0,0,0,0,0,0,0,0,0,0,0,0,0,0,35,0,0,0,0,0,0,0,133,0,0,0,0,0,0,0,0,0,8,0,0,0,18,52,0,0,0,0,0,5,0,0,0,0,0,0,0,0,0,0,0,0,0,35,0,3,0,0,0,0,0,0,0,0,15,0,0,0,0,0,0,0,0,0,0,0,0,0,0,0,0,0,0,0,0,0,0,0,0,0,0,0,0,0,0,0,0,0,0,0,0,0,7,0,0,0,0,0,0,0,0,0,0,0,0,39,0,0,0,0,0,0,0,0,0,0,0,0,0,0,0,0,0,0,0,0,3,0,0,12,0,0,0,0,0,0,0,24,0,0,0,0,0,0,0,0,0,0,0,0,0,0,5,0,0,0,0,0,0,0,0,0,0,0,45,0,0,0,0,0,0,0,0,0,0,0,0,0,0,0,44,32,0,0,9,0,0,0,0,0,0,0,0,0,0,0,0,0,0,0,0
6.F.2,0,0,0,0,0,0,0,0,21,0,0,0,0,254,0,0,17,0,0,0,0,0,0,0,13,0,0,0,0,0,0,10,245,0,0,69,0,0,0,42,0,8,0,0,0,0,0,21,86,0,0,0,0,69,0,0,0,0,0,0,0,0,0,10,0,0,10,15,0,0,2,0,0,0,0,0,0,797,0,95,0,0,0,0,0,0,0,0,0,0,0,5,0,0,21,15,0,0,0,0,0,0,0,0,0,2,0,0,2,4,0,0,171,84,0,0,0,0,0,48,0,0,0,0,0,4,0,17,0,4,144,0,0,29,0,17,0,0,0,0,0,0,13,0,0,0,0,27,7,12,0,0,0,0,0,0,0,0,0,0,0,0,0,0,0,0,57,0,12,32,0,22,0,0,112,0,387,0,0,0,0,0,24,44,0,0,244,0,0,0,8,0,20,0,0,6,0,0,0,28,0,0,0,0,0,0,0,21,0,0,101,536,12,38,0,0,95,0,0,0,43,0,0,0,0,0,0,0,0,21,0,0,0,0,0,0,0,0,0,0,0,13,15,0,419,0,32,0,0,0,27,0,0,4,19,0,0,0,0,0,0,0,0,0,0,0,0,0,0,0,0,0,0,0,0,4,0,0,0,0,0,19,0,0,3,0,0,0,0,0,11,0,0,0,15,0,0,0,0,0,0,0,0,0,0,0,0,0,106,0,0,0,119,0,0,0,0,0,0,0,0,0,0,0,0,0,0,0,11,0,0,0,0,0,0,116,0,661,0,0,0,0,0,0,0,0,0,18,29,0,0,0,0,0,0,0,16,4,159,14,0,0,0,0,0,0,0,0,0,0,0,0,0,0,0,0,0,0,0,0,0,0,0,0,0,28,0,0,0,20,0,0,0,0,0,50,0,0,0,0,0,0,0,0,0,145,0,0,99,0,0,21,0,111,17,0,0,3,0,0,0,260,0,0,0,0,0,0,0,0,0,7,0,21,0,7,554,0,0,0,0,18,38,0,0,0,14,0,0,0,7,0,0,0,0,0,277,0,0,0,0,0,0,0,0,0,0,13,68,0,8,0,0,0,0,0,6,0,0,0,0,0,0,0,0,0,0,3,0,0,0,0,0,0,0,0,9,0,0,0,62,0,0,0,0,0,0,0,0,7,0,0,0,0,0,0,0,0,44,0,0,2,0,0,0,0,0,0,0,0,36,0,0,13,0,0,0,0,0,0,0,0,4,0,0,0,0,2,18,0,35,0,0,0,0,0,0,0,0,0,0,0,0,0,49,8,0,0,0,0,0,0,0,0,0,0,0,174,7,0,0,6,0,108,0,0,0,0,4,0,0,0,0,15,224,0,28,108,0,0,0,17,0,0,0,21,0,0,0,0,0,0,0,0
6.F.3,0,0,0,0,13,0,0,0,0,0,0,0,0,177,0,0,0,0,0,0,0,0,36,0,0,0,0,0,0,0,0,0,180,20,0,25,0,0,0,0,0,13,0,0,0,0,0,0,0,0,0,0,0,135,0,0,0,0,0,0,0,0,0,0,0,0,30,0,0,0,0,0,0,0,0,0,0,3745,0,0,0,23,0,0,0,6,0,0,0,0,0,0,0,0,13,0,0,0,0,0,0,0,0,0,0,0,0,0,0,0,0,0,110,16,0,0,0,0,0,28,0,0,0,0,0,0,0,0,0,0,43,0,0,0,0,0,0,0,0,0,33,0,0,0,0,0,0,51,0,16,0,0,0,0,0,0,0,0,15,0,0,0,0,0,0,0,154,0,56,0,0,0,0,0,37,0,0,0,0,7,0,0,83,0,0,0,32,0,0,0,0,28,0,0,0,0,0,0,0,0,0,0,0,0,0,0,0,47,0,10,109,195,0,6,0,0,20,0,0,0,12,0,0,0,0,34,0,0,0,0,0,0,0,0,0,0,0,0,0,0,0,25,0,0,249,0,0,0,0,0,35,0,0,0,0,0,0,0,0,0,0,0,0,10,15,0,0,0,0,0,0,0,0,0,0,0,0,0,0,0,0,7,0,0,5,0,0,0,0,0,0,69,0,0,0,0,0,0,0,0,0,0,0,16,0,0,0,0,142,0,0,0,18,0,0,0,0,0,0,0,0,0,0,0,0,0,0,0,8,0,0,8,0,0,0,26,0,105,0,0,0,0,0,0,0,0,0,3,0,0,0,0,0,0,0,0,0,0,88,11,0,0,0,0,0,0,0,0,0,0,0,0,0,0,0,0,0,0,24,0,0,0,0,0,0,0,0,0,0,0,0,0,0,0,0,0,0,0,0,0,0,10,0,0,0,0,0,0,24,0,0,0,0,64,0,0,0,0,0,0,0,220,0,0,6,0,0,0,0,0,0,23,0,0,0,4,278,0,0,0,0,0,0,0,0,0,0,0,0,0,0,0,0,0,0,0,210,0,0,0,0,0,0,0,0,0,0,0,32,0,0,0,0,0,0,0,0,0,0,0,0,0,0,0,0,0,0,0,0,0,0,0,0,0,0,0,0,0,0,0,38,0,0,0,0,0,0,0,8,0,0,0,0,0,0,0,0,0,117,0,0,0,0,0,0,0,0,0,0,0,13,0,0,0,9,0,0,0,0,0,0,0,0,0,0,0,0,0,0,0,128,0,0,0,0,0,0,0,0,0,0,4,0,0,0,0,0,0,0,0,0,0,18,22,0,0,0,172,0,0,0,0,0,0,0,0,0,0,0,0,0,0,0,42,130,0,0,53,0,0,0,0,0,0,22,0,0,0,0,0,0,18,0,0
7.D.2,0,0,0,0,0,0,0,0,0,0,0,0,0,84,0,0,0,48,0,0,0,0,7802,0,0,0,0,0,0,0,0,0,66,0,0,14,0,0,0,0,0,38,0,0,0,0,0,0,0,0,0,0,0,60,0,0,0,0,0,0,0,0,0,4,0,0,7,0,0,0,0,0,0,0,0,0,0,0,0,155,0,3,0,0,6,0,0,0,0,2427,585,0,0,0,24,0,0,0,6,0,0,0,0,0,0,0,0,0,0,0,0,0,248,111,0,4,0,0,0,12,0,0,0,0,0,0,0,0,5,0,21,0,0,39,0,0,0,0,395,0,46,0,0,0,0,0,0,101,0,0,11,0,0,23,0,0,0,0,0,0,0,0,2,0,0,0,0,0,5,0,0,0,0,0,68,0,21,0,0,11,18,0,9,8,0,6,305,0,0,0,0,0,0,0,0,0,0,0,0,0,0,0,0,0,286,0,0,31,0,0,96,339,12,14,0,0,0,0,0,0,14,0,0,0,0,0,0,0,0,3,0,0,0,0,0,0,0,16,0,0,0,24,0,0,392,0,32,0,0,0,0,0,0,4,0,0,0,0,9,0,0,0,2,0,0,0,0,0,0,0,0,0,0,0,9,0,0,0,0,0,0,19,0,0,0,0,0,0,6,0,0,0,0,0,0,0,0,0,0,0,0,0,0,0,2,0,0,0,114,0,0,0,60,0,0,0,0,0,0,0,0,0,0,0,0,0,0,0,0,43,0,0,0,0,0,88,0,194,0,0,0,0,0,7,0,0,0,0,32,0,0,0,0,0,0,0,0,0,21,5,0,0,0,0,0,0,10,0,0,0,0,0,0,0,0,0,0,0,0,0,0,0,0,0,0,22,0,0,0,0,5,0,0,2,0,28,0,0,0,0,0,0,0,0,0,75,0,0,51,0,11,4,15,76,0,0,0,0,0,13,0,138,0,15,0,0,0,0,0,0,0,0,0,0,0,0,98,0,0,6,0,0,0,0,0,0,0,0,0,0,0,0,0,0,0,0,97,0,0,0,0,0,0,0,0,0,0,24,32,0,8,0,0,0,0,0,0,0,0,0,0,0,0,0,3,0,0,0,0,0,0,0,0,0,0,0,14,0,0,0,27,0,0,0,0,0,0,4,10,0,0,0,0,0,0,0,0,0,12,0,0,0,0,0,0,0,0,0,0,0,15,0,0,0,0,0,0,0,0,0,0,0,0,0,0,0,0,0,0,0,25,0,162,0,0,0,0,0,0,0,0,0,0,0,0,0,0,0,0,0,0,0,0,0,0,0,0,74,0,0,0,0,0,0,0,0,0,0,5,0,0,0,0,35,144,0,0,3,0,0,11,0,0,8,5,0,0,0,0,0,0,0,0,0
7.D.4,0,0,0,10,0,0,0,0,27,0,0,0,0,113,0,0,0,0,0,0,0,0,60,0,0,0,0,0,0,0,0,0,30,0,0,16,0,0,0,0,0,20,0,0,0,0,0,0,0,0,0,0,0,15,0,0,0,0,0,0,0,0,0,0,0,0,16,0,0,0,0,0,0,0,0,0,0,3818,0,22,0,0,0,5,0,0,0,0,0,145,0,0,0,0,29,0,0,0,0,0,0,0,0,0,0,0,0,0,0,0,0,0,100,55,0,0,0,0,0,0,0,0,0,32,0,0,0,0,0,0,27,0,0,23,0,0,0,0,0,0,0,0,0,0,0,0,0,48,0,0,0,0,0,13,0,0,0,0,0,0,0,0,0,0,0,0,8,0,0,8,0,0,0,0,40,0,5,0,0,0,0,0,9,0,0,0,31,0,2,0,0,4,0,0,0,0,0,0,0,0,0,0,0,0,0,0,0,8,0,24,16,187,0,22,0,0,0,0,0,0,4,0,0,0,0,0,0,0,0,3,0,0,0,0,0,0,0,0,44,0,0,11,11,0,68,0,0,0,0,0,0,0,18,6,0,0,0,0,0,0,0,0,0,2,0,0,0,0,0,0,0,4,0,0,0,0,0,0,0,0,0,15,0,0,0,0,0,0,0,0,0,0,0,0,0,0,0,0,8,0,0,2,0,0,0,0,0,0,119,0,0,0,0,0,0,0,0,0,0,0,0,0,3,0,0,0,0,0,0,0,0,0,0,0,0,18,0,193,0,0,0,0,0,0,0,0,0,0,35,0,0,5,0,0,0,0,0,0,24,6,0,0,0,0,0,0,5,0,0,0,0,0,0,0,0,0,0,0,0,0,0,0,0,0,0,11,0,0,0,0,0,0,0,0,0,0,0,0,0,0,0,0,0,0,0,7,0,0,14,0,0,0,0,10,0,0,0,0,0,0,0,210,0,0,0,0,0,0,0,0,0,0,0,0,0,7,83,0,0,0,0,0,0,0,0,0,0,0,0,0,0,0,0,0,0,0,0,0,0,0,0,0,0,0,0,0,0,6,7,0,0,0,0,0,0,0,5,0,0,0,0,0,0,0,0,0,0,0,0,0,0,0,0,0,0,0,0,0,0,0,13,0,0,0,0,0,0,0,0,0,0,0,0,0,0,0,0,0,42,0,0,0,0,0,0,0,0,0,0,0,0,0,0,13,0,0,0,0,0,17,0,0,0,0,0,0,0,0,0,0,36,0,0,0,0,0,0,0,0,0,0,0,0,0,0,0,0,0,0,0,0,0,0,11,0,0,0,57,0,0,0,0,0,0,0,0,0,0,0,0,0,0,0,5,76,0,0,0,0,0,0,0,0,0,5,0,0,0,0,0,0,0,0,0
7.D.5,0,0,0,0,0,0,0,0,0,0,0,0,0,79,0,0,0,0,0,0,0,0,8,0,0,0,0,0,0,0,0,0,0,0,0,4,0,0,0,0,0,0,0,0,0,0,0,0,0,0,0,0,0,0,0,0,0,0,0,0,0,0,0,0,0,0,4,0,0,0,0,0,0,0,0,0,0,2428,0,8,0,0,0,0,0,0,0,0,0,0,0,0,0,0,0,0,0,0,0,0,0,0,0,0,0,0,0,0,0,0,0,0,0,13,0,0,0,0,0,0,0,0,0,0,0,0,0,0,0,0,0,0,0,13,0,0,0,0,0,0,0,0,0,0,0,0,0,6,0,0,0,0,0,0,0,0,0,0,0,0,0,0,0,0,0,0,12,0,3,0,0,0,0,0,18,0,0,0,0,0,0,0,0,0,0,0,21,0,0,0,0,0,0,0,0,0,0,0,0,0,0,0,0,0,0,0,0,0,0,0,0,40,0,0,0,0,0,0,0,0,0,0,0,0,0,0,0,0,0,2,0,0,0,0,0,0,0,0,0,0,0,0,0,0,0,0,0,0,0,0,0,0,0,0,0,0,0,0,0,0,0,0,0,0,0,0,0,0,0,0,0,0,0,0,0,0,0,0,0,0,0,5,0,0,0,0,0,0,0,0,3,0,0,0,0,0,0,0,0,0,0,0,0,0,0,0,0,0,0,0,0,0,11,0,0,0,0,0,0,0,0,0,0,0,0,0,0,0,0,0,0,0,0,0,0,0,0,31,0,0,0,0,0,0,0,0,0,0,13,0,0,0,0,0,0,0,0,0,0,0,0,0,0,0,0,0,0,0,0,0,0,0,0,0,0,0,0,0,0,0,0,0,0,0,0,0,0,0,0,0,0,0,0,0,0,0,0,0,0,0,0,2,0,0,0,9,0,0,0,0,0,0,0,2,0,0,0,0,0,0,0,0,0,0,0,0,0,0,0,0,0,0,0,0,0,0,6,0,0,0,0,0,0,0,0,0,0,0,0,0,0,0,0,3,0,0,0,0,0,0,0,0,0,0,0,0,0,4,0,0,0,0,0,0,0,0,2,0,0,0,0,0,0,0,0,0,0,0,0,0,0,0,0,0,0,0,22,0,0,0,4,0,0,0,0,0,0,0,0,0,0,0,0,0,0,0,0,0,0,0,0,0,0,0,0,0,0,0,0,0,0,0,0,0,0,0,0,0,0,0,0,0,0,0,0,0,0,0,0,0,5,0,0,0,0,0,0,0,0,0,0,0,0,0,0,0,0,0,0,0,0,0,0,0,0,0,0,12,0,0,0,0,0,0,0,0,0,0,0,0,0,0,0,0,9,0,0,0,0,0,0,0,0,0,0,0,0,0,0,0,0,0,0,0
7.E.3,0,0,0,0,11,0,19,0,0,0,0,0,0,144,0,0,0,41,0,0,0,0,9,0,0,0,0,0,0,0,0,4,559,0,0,63,0,0,0,0,0,18,0,0,0,0,0,20,7,0,0,0,0,90,0,0,0,0,0,0,0,0,0,10,0,0,3,0,0,0,0,0,0,0,0,0,0,481,0,98,12,0,0,0,0,20,0,0,0,0,0,0,0,0,0,0,0,0,0,0,0,0,0,0,0,0,0,0,0,0,0,0,122,127,0,0,0,0,0,44,0,0,0,0,0,0,0,8,0,3,119,0,0,19,0,0,0,0,0,0,23,0,0,0,0,0,0,44,0,0,0,0,0,0,0,0,0,0,0,0,0,0,0,0,0,0,40,0,14,13,0,10,10,0,53,0,53,0,0,22,0,0,32,14,0,13,94,0,0,0,0,0,0,0,0,0,0,0,0,7,0,0,0,0,0,0,0,35,0,5,43,290,0,17,0,0,4,0,0,0,33,0,0,0,0,730,0,0,0,28,0,0,0,0,0,0,0,0,51,0,0,59,0,6,112,0,0,4,0,0,0,0,0,0,0,0,0,0,0,0,0,0,0,12,0,0,0,0,0,0,0,0,0,0,0,0,0,0,0,0,3,0,0,0,0,0,0,0,0,8,0,0,0,0,0,0,0,0,0,0,0,0,0,0,0,0,0,0,154,0,0,0,33,0,0,0,0,0,0,0,0,0,0,0,0,0,0,0,0,0,0,0,0,0,0,88,0,39,0,0,0,0,0,0,0,0,0,0,16,0,0,0,0,0,0,0,0,0,37,21,0,0,0,0,0,0,25,0,0,0,0,0,0,0,0,0,0,0,0,7,0,11,0,0,0,73,0,0,0,0,0,0,0,0,0,12,0,0,0,0,0,0,0,0,0,115,0,0,32,0,0,0,0,47,0,0,0,0,13,0,0,327,0,0,0,0,0,0,35,0,0,8,0,20,0,0,186,0,0,0,0,0,0,0,0,0,0,0,0,0,0,0,0,0,0,0,255,0,4,0,0,0,0,0,0,0,0,0,64,0,6,0,0,0,5,0,0,0,0,0,0,0,0,0,0,0,0,0,0,0,0,0,0,0,0,2,0,0,0,0,132,0,0,0,0,0,0,0,106,0,0,0,11,0,7,0,0,0,123,0,0,0,0,0,0,0,0,0,0,0,0,0,0,0,0,0,0,14,0,0,5,0,0,0,0,0,0,0,0,0,34,0,0,0,0,0,0,0,0,0,0,0,0,0,0,7,0,0,0,0,0,0,0,0,0,0,0,92,0,0,0,0,0,0,0,0,0,0,0,0,0,0,0,30,119,0,0,24,0,0,0,0,0,0,10,0,0,0,0,0,0,0,0,0
7.E.4,0,0,0,0,0,0,0,0,0,0,0,0,0,162,0,0,0,0,0,6,0,0,0,0,0,0,0,141,0,0,0,5,154,0,0,36,0,0,0,0,0,9,0,0,0,0,0,26,21,8,0,0,0,33,0,0,0,0,0,0,0,0,0,3,0,205,22,0,0,0,8,0,0,0,0,0,0,139,7,16,0,0,0,0,0,17,2,0,0,0,0,8,0,0,0,0,0,0,0,0,0,0,3,8,0,0,0,0,0,18,0,0,127,150,0,0,0,0,0,10,0,0,6,0,0,10,0,0,0,13,45,0,0,5,0,0,0,0,0,0,44,0,0,0,0,0,0,24,0,0,0,0,7,0,0,0,0,0,0,0,0,0,0,15,0,0,91,0,40,12,0,26,0,0,107,3,6,0,0,4,0,0,50,19,0,0,137,0,0,0,0,0,0,0,0,0,0,0,0,0,0,0,0,0,0,0,0,11,0,4,48,435,7,21,0,0,0,0,0,0,17,0,0,0,0,0,0,0,0,32,0,0,0,0,0,0,0,0,0,0,0,48,0,0,428,0,0,0,0,0,0,0,0,0,0,0,0,0,7,0,0,0,14,0,82,0,0,0,0,0,0,0,0,0,0,0,17,5,0,0,0,6,0,0,0,0,0,0,3,0,0,0,0,76,0,0,0,0,0,0,0,0,0,0,0,921,0,0,170,0,0,0,14,0,0,0,0,0,0,0,0,0,0,0,0,0,0,0,0,0,0,0,0,0,0,34,0,307,0,0,0,0,0,0,0,0,0,6,53,0,0,6,0,0,0,0,0,0,31,21,0,0,0,0,0,0,29,0,0,0,0,0,0,0,9,0,0,0,6,0,0,0,0,0,0,38,0,0,5,0,0,0,0,0,0,109,0,0,0,0,0,0,0,0,0,41,0,0,49,0,0,0,0,17,0,0,0,0,0,0,0,239,0,0,0,0,0,0,18,0,0,4,0,0,12,4,288,0,0,0,0,0,0,0,0,0,0,4,0,0,0,0,0,0,0,0,253,0,0,0,0,0,0,0,0,0,0,0,22,0,4,0,0,0,0,0,0,0,0,3,0,0,0,0,0,0,0,0,0,0,0,0,0,0,0,0,0,0,0,0,20,0,0,0,0,0,0,0,14,0,0,0,0,0,0,0,31,5,41,0,0,0,0,0,0,0,0,0,0,0,20,0,0,0,0,0,0,0,0,0,0,0,0,0,0,0,0,6,0,0,123,0,0,0,0,0,0,0,0,0,0,0,0,0,139,0,0,0,7,0,26,0,0,0,0,0,0,142,0,67,0,0,0,0,0,0,0,0,0,0,0,0,0,35,227,0,0,11,0,0,22,0,0,4,6,0,0,0,0,0,0,13,0,0
7.E.5,0,0,0,0,0,0,0,0,0,0,0,0,0,182,0,0,0,0,0,0,0,16,3212,7,0,109,6,0,0,0,0,0,286,0,0,48,0,0,0,16,7,12,0,0,0,0,0,0,13,0,0,0,0,67,0,0,0,0,0,0,0,0,0,0,0,0,7,0,0,0,0,0,4,0,0,6,0,0,0,54,0,0,0,0,0,0,0,0,0,4191,442,5,0,0,0,7,0,0,0,0,0,0,0,0,0,0,0,0,3,0,0,0,361,124,0,0,0,0,0,75,0,0,0,59,0,17,0,0,0,0,58,0,0,6,0,0,0,0,733,0,5,0,0,0,0,0,0,23,0,5,37,0,3,1142,3,0,0,0,0,0,0,0,0,8,0,0,15,0,0,8,0,0,0,0,184,0,20,0,0,163,7,0,22,13,0,8,13,0,0,0,0,0,0,0,0,0,0,0,0,0,0,0,0,0,0,0,0,26,0,5,226,1371,9,43,0,0,24,0,0,0,25,0,0,0,0,0,0,0,0,29,0,0,0,0,0,0,0,0,0,0,0,63,0,0,793,0,58,0,0,0,4,0,0,0,0,0,0,0,0,3,0,0,0,0,13,0,0,0,0,0,0,0,0,0,0,0,0,0,0,8,0,222,0,0,0,0,0,0,0,0,0,0,0,0,0,0,0,0,0,0,0,0,0,0,0,0,0,0,204,0,0,0,23,0,0,0,0,0,0,0,0,0,0,0,0,0,0,0,0,0,0,0,0,0,0,279,10,680,0,0,0,0,0,8,0,0,0,8,74,0,0,0,0,0,39,0,0,0,84,17,0,0,0,0,0,0,26,0,0,0,0,0,0,0,0,0,0,0,0,19,0,0,5,0,0,47,0,0,8,0,0,0,0,0,0,33,0,72,0,0,0,3,0,0,0,51,0,0,40,0,0,0,0,787,0,0,15,0,0,25,0,383,0,191,0,0,9,0,0,0,0,0,0,0,0,0,225,0,0,0,0,48,0,0,0,0,0,4,0,0,0,0,0,0,0,0,450,0,10,0,8,0,0,0,0,0,6,10,3,0,13,4,0,0,0,0,0,0,0,0,0,0,0,0,0,0,9,0,18,0,0,0,0,0,0,0,0,0,0,0,118,0,0,0,7,0,0,0,12,0,0,0,0,0,0,0,0,288,46,0,16,0,0,0,0,0,0,0,0,0,25,0,0,0,0,0,0,0,0,0,0,0,0,0,0,0,7,0,0,0,29,0,0,0,0,0,0,0,0,0,0,0,0,0,186,0,0,0,0,0,0,0,0,0,0,0,0,102,0,0,0,0,2,240,0,0,0,0,0,0,0,0,0,73,256,0,0,0,0,0,15,0,0,0,0,0,0,0,0,0,0,0,0,0
7.F.1,0,0,0,0,0,0,0,0,8,0,0,7,0,188,0,0,0,41,0,0,0,0,613,0,0,0,0,0,5,0,0,25,208,0,0,63,0,0,0,0,0,16,0,0,0,0,0,46,66,0,0,0,0,71,0,0,0,0,0,0,0,0,0,9,0,0,8,0,0,0,0,0,0,0,5,3,26,0,0,540,0,0,0,0,0,13,0,0,0,3644,200,0,0,6,3,0,0,0,0,0,0,0,0,0,0,0,0,0,0,0,0,0,382,55,0,0,0,0,0,0,0,0,0,77,0,0,0,0,0,2,53,0,20,16,0,0,0,0,508,0,0,0,16,0,0,0,0,5,0,0,0,0,0,128,0,0,0,0,0,0,0,0,3,8,0,0,30,0,5,0,0,0,0,0,110,0,13,0,0,0,25,0,49,22,0,0,124,0,0,0,0,0,0,0,0,0,0,0,0,16,0,0,0,0,5,0,0,6,0,4,1548,309,0,63,0,0,3,0,0,0,0,0,0,0,0,0,0,0,0,7,0,0,0,0,13,0,0,559,0,0,0,47,0,13,391,0,0,0,0,0,16,0,0,10,0,0,0,0,8,0,0,0,5,17,66,0,0,0,0,0,0,7,0,18,0,0,0,6,0,0,0,28,0,0,0,0,0,0,0,0,0,0,0,0,12,0,0,0,0,0,0,0,0,0,0,0,0,4,107,0,0,0,0,0,0,0,0,0,0,0,0,0,0,0,0,0,0,0,0,0,0,2,0,0,0,56,52,658,0,0,0,0,0,0,0,0,0,0,16,0,0,0,0,0,22,0,0,5,81,11,0,0,0,0,0,0,0,0,0,0,0,0,0,0,0,3,0,0,0,0,0,0,3,0,0,14,0,0,0,0,0,0,0,0,0,0,0,0,0,0,0,9,0,0,0,21,0,0,51,0,0,0,0,204,0,0,0,0,0,0,0,150,3,5,0,0,0,0,10,0,1012,0,0,18,0,0,271,0,0,0,0,0,3,0,17,0,0,0,0,0,0,0,0,0,0,0,163,0,0,0,0,0,0,0,0,0,0,15,10,0,14,0,0,0,0,4,3,0,0,0,0,0,0,0,0,0,0,0,0,0,0,0,0,0,0,0,0,0,0,0,45,0,0,0,0,0,0,0,12,0,0,0,0,0,0,0,0,0,84,0,0,7,0,0,0,0,0,0,0,0,37,0,3,7,0,0,0,4,104,0,0,0,0,0,0,0,0,0,0,0,0,0,0,0,0,0,0,0,0,0,0,0,0,0,90,0,0,107,0,3,0,0,0,0,0,0,0,60,0,0,0,0,0,0,0,0,0,0,0,0,0,0,0,43,126,0,0,10,0,0,0,0,3,0,0,0,0,0,0,0,0,0,0,0
7.F.4,0,0,0,0,0,7,0,0,22,0,0,0,0,133,0,0,9,18,0,0,0,10,63,0,0,0,0,0,0,7,6,9,57,0,0,86,0,0,0,10,0,14,0,0,0,0,13,4,10,3,0,0,0,38,0,0,0,0,0,0,0,0,0,0,0,0,7,0,0,0,0,0,0,0,0,0,0,511,0,177,0,0,0,0,0,0,0,0,0,0,0,0,0,0,12,0,0,0,0,0,0,0,0,0,0,0,0,0,0,0,0,0,111,98,0,0,0,0,0,21,0,0,0,0,0,0,0,0,0,0,31,0,14,46,0,0,0,0,0,0,7,0,0,0,0,0,0,6,0,0,0,0,0,0,0,0,0,0,0,0,0,0,0,0,0,0,172,0,3,0,0,0,0,0,56,0,47,0,0,0,0,0,0,13,0,7,107,0,0,0,0,0,0,0,0,27,0,0,0,6,0,0,0,0,0,0,0,12,0,0,75,412,0,14,6,0,0,0,0,0,10,0,0,0,7,24,0,0,0,24,0,0,0,0,0,0,0,0,0,0,0,0,0,0,624,0,22,0,0,0,5,0,0,0,0,0,0,0,0,0,0,0,0,0,1918,0,0,0,0,0,0,0,0,0,0,0,0,0,0,0,0,0,0,0,0,0,0,0,0,0,0,0,0,0,10,0,0,0,0,0,0,0,0,0,0,0,0,0,66,0,0,0,0,0,0,0,0,0,0,0,0,0,0,0,0,0,0,0,0,0,0,0,0,0,0,75,0,560,0,0,0,0,0,0,0,0,0,0,15,0,0,9,0,0,0,0,0,0,19,17,0,0,0,0,0,0,0,0,0,0,0,0,0,0,0,0,0,0,9,9,0,0,0,0,0,14,0,0,0,0,0,0,0,0,0,0,0,0,0,0,0,4,0,23,0,0,0,0,35,0,0,0,0,213,0,0,0,0,0,0,0,169,0,0,0,0,0,0,0,0,0,2,0,0,0,0,141,0,0,0,0,0,8,0,0,0,0,0,0,0,0,0,0,0,0,0,90,0,7,0,0,0,0,0,0,0,0,4,0,0,0,0,0,0,0,0,0,0,0,0,0,0,0,0,0,0,0,0,0,0,0,0,0,0,0,0,8,0,0,0,15,0,0,0,0,0,0,0,13,0,0,0,0,0,0,0,0,0,18,0,0,0,0,0,0,0,0,0,0,0,0,0,0,0,0,0,0,0,0,0,0,0,0,0,18,0,4,0,20,0,72,0,0,0,0,0,0,0,0,0,0,0,0,0,0,0,0,0,0,0,0,0,0,0,0,0,0,96,0,0,0,0,0,2,0,0,0,0,0,0,0,0,0,34,75,10,0,7,0,0,0,0,0,0,0,0,0,0,0,0,0,0,0,0
7.F.5,0,0,0,0,0,0,0,0,7,0,0,0,0,100,0,0,0,0,0,0,0,0,263,0,0,0,0,0,0,0,0,20,45,0,0,21,0,0,0,0,0,203,0,0,0,0,0,17,0,0,0,0,0,30,0,0,0,0,0,0,0,0,0,3,0,0,7,0,0,0,3,0,0,0,0,0,0,15779,0,0,14,0,0,0,0,0,0,0,0,0,0,0,0,4,0,0,0,0,0,0,0,0,0,0,0,0,0,0,0,0,0,0,121,85,0,0,3,0,0,14,0,0,0,0,0,0,0,10,0,0,0,0,0,16,0,0,0,0,0,0,0,0,0,0,0,0,0,7,0,0,0,0,0,60,0,0,0,0,0,0,0,0,0,0,0,0,3,0,3,12,3,0,0,0,54,0,26,0,0,9,0,0,32,2,0,0,38,0,9,0,0,0,0,0,0,0,0,0,0,0,6,0,0,0,0,0,0,14,0,5,132,175,0,23,0,0,6,0,0,0,23,0,0,0,0,0,0,0,0,12,0,0,0,0,0,0,0,0,0,0,0,20,0,0,148,0,0,0,0,0,0,4,0,10,0,0,0,0,0,0,0,0,3,3,0,0,0,0,0,0,0,0,0,0,0,0,0,0,0,0,0,0,0,0,0,0,0,0,0,0,0,0,0,0,6,0,0,0,0,0,0,0,0,0,0,0,0,0,22,0,0,0,0,0,0,0,0,0,0,0,0,0,0,0,0,0,0,0,0,0,0,0,0,0,0,30,0,45,0,0,0,0,0,0,0,0,0,6,31,0,0,0,0,0,0,0,0,0,73,25,0,0,0,11,0,0,0,0,0,0,0,0,0,0,0,0,0,0,0,5,0,0,0,0,0,23,0,0,0,0,0,0,0,0,0,0,0,0,0,0,0,0,0,0,0,207,0,0,9,0,0,0,0,30,0,6,0,0,0,0,0,179,0,0,0,0,0,0,0,0,0,6,0,14,0,0,129,0,0,0,0,4,0,0,0,0,0,0,0,0,0,0,0,0,0,0,98,0,0,0,3,0,0,0,0,0,0,2,8,0,13,0,0,0,6,0,0,0,0,0,0,0,10,0,0,0,0,0,0,0,0,0,0,0,0,0,0,0,0,0,31,0,0,0,0,0,0,0,0,9,0,0,0,0,0,0,0,0,0,0,0,0,0,0,0,0,0,0,0,0,0,0,0,11,0,0,0,0,0,0,0,0,0,0,0,0,0,0,0,0,33,0,0,0,0,0,0,16,0,0,0,0,6,0,0,0,0,0,0,0,0,0,0,0,0,0,0,43,0,0,0,0,0,0,0,0,0,0,0,0,0,0,0,0,48,0,0,0,0,0,0,0,0,0,0,98,0,0,0,0,0,0,0,0
